t_monotonik_s,ham_sont,ham_bara
321.793110,4404,9818
321.992713,3834,9842
322.192631,3795,9842
322.392620,3796,9842
322.592622,3797,9842
322.792614,3795,9842
322.992622,3795,9842
323.192611,3796,9842
323.392607,3796,9842
323.592609,3795,9842
323.792608,3796,9842
323.992610,3794,9842
324.192627,3795,9842
324.392614,3795,9842
324.592609,3795,9842
324.792608,3795,9842
324.992612,3795,9842
325.192611,3796,9842
325.392609,3794,9842
325.592606,3794,9842
325.792611,3795,9842
325.992610,3796,9842
326.192617,3797,9842
326.392615,3794,9842
326.592609,3795,9842
326.792607,3794,9842
326.992631,3819,9842
327.192617,3819,9842
327.392610,3818,9842
327.592611,3817,9842
327.792613,3819,9842
327.992611,3819,9842
328.192622,3819,9842
328.392612,3818,9842
328.592608,3817,9842
328.792606,3817,9842
328.992608,3817,9842
329.192607,3819,9842
329.392609,3818,9842
329.592607,3817,9842
329.792631,3818,9842
329.992622,3819,9842
330.192629,3820,9842
330.392614,3818,9842
330.592610,3818,9842
330.792606,3817,9842
330.992610,3817,9842
331.192608,3818,9842
331.392611,3817,9842
331.592608,3817,9842
331.792608,3817,9842
331.992610,3817,9842
332.192641,3796,9842
332.392620,3794,9842
332.592610,3794,9842
332.792608,3794,9842
332.992611,3795,9842
333.192610,3796,9842
333.392610,3794,9842
333.592608,3794,9842
333.792608,3794,9842
333.992607,3794,9842
334.192618,3795,9842
334.392613,3794,9842
334.592608,3794,9842
334.792607,3794,9842
334.992607,3795,9842
335.192619,3844,9834
335.392618,3794,9842
335.592611,3794,9842
335.792609,3794,9842
335.992610,3794,9842
336.192621,3794,9842
336.392613,3794,9842
336.592611,3794,9842
336.792608,3794,9842
336.992609,3794,9842
337.192610,3794,9842
337.392625,3795,9842
337.592616,3794,9842
337.792613,3794,9842
337.992611,3794,9842
338.192618,3795,9842
338.392615,3794,9842
338.592611,3794,9842
338.792608,3794,9842
338.992609,3795,9842
339.192609,3796,9842
339.392608,3794,9842
339.592607,3795,9842
339.792613,3794,9842
339.992615,3795,9842
340.192622,3794,9842
340.392612,3794,9842
340.592609,3794,9842
340.792609,3794,9842
340.992607,3795,9842
341.192608,3795,9842
341.392607,3794,9842
341.592608,3795,9842
341.792607,3794,9842
341.992608,3794,9842
342.192615,3796,9842
342.392612,3795,9842
342.592628,3795,9842
342.792616,3795,9842
342.992611,3794,9842
343.192609,3794,9842
343.392609,3794,9842
343.592610,3796,9842
343.792607,3795,9842
343.992609,3795,9842
344.192619,3795,9842
344.392613,3794,9842
344.592610,3794,9842
344.792610,3794,9842
344.992609,3794,9842
345.192607,3794,9842
345.392640,4197,9834
345.592621,3794,9842
345.792611,3795,9842
345.992612,3794,9842
346.192620,3796,9842
346.392614,3794,9842
346.592610,3794,9842
346.792611,3794,9842
346.992609,3794,9842
347.192607,3794,9842
347.392608,3794,9842
347.592606,3794,9842
347.792629,3796,9842
347.992615,3794,9842
348.192622,3795,9842
348.392614,3795,9842
348.592608,3794,9842
348.792609,3796,9842
348.992611,3795,9842
349.192610,3794,9842
349.392609,3794,9842
349.592607,3795,9842
349.792618,3799,9842
349.992614,3794,9842
350.192622,3796,9842
350.392613,3795,9842
350.592609,3795,9842
350.792609,3795,9842
350.992612,3796,9842
351.192610,3795,9842
351.392609,3794,9842
351.592606,3794,9842
351.792607,3795,9842
351.992608,3795,9842
352.192617,3795,9842
352.392616,3795,9842
352.592611,3795,9842
352.792608,3795,9842
352.992625,3796,9842
353.192618,3796,9842
353.392613,3795,9842
353.592609,3795,9842
353.792609,3795,9842
353.992611,3795,9842
354.192618,3795,9842
354.392613,3795,9842
354.592609,3795,9842
354.792607,3795,9842
354.992609,3795,9842
355.192608,3795,9842
355.392610,3795,9842
355.592610,3795,9842
355.792607,3795,9842
355.992609,3795,9842
356.192619,3796,9842
356.392611,3795,9842
356.592609,3795,9842
356.792606,3795,9842
356.992609,3795,9842
357.192607,3797,9842
357.392610,3795,9842
357.592607,3795,9842
357.792611,3796,9842
357.992609,3795,9842
358.192632,3796,9842
358.392618,3795,9842
358.592612,3795,9842
358.792608,3795,9842
358.992610,3795,9842
359.192609,3796,9842
359.392609,3795,9842
359.592607,3795,9842
359.792617,3796,9842
359.992616,3795,9842
360.192622,3796,9842
360.392614,3795,9842
360.592618,3796,9842
360.792613,3795,9842
360.992610,3795,9842
361.192610,3794,9842
361.392611,3794,9842
361.592608,3795,9842
361.792608,3794,9842
361.992608,3795,9842
362.192617,3796,9842
362.392613,3794,9842
362.592608,3795,9842
362.792608,3794,9842
362.992608,3794,9842
363.192608,3794,9842
363.392623,3795,9842
363.592618,3795,9842
363.792610,3795,9842
363.992611,3795,9842
364.192620,3795,9842
364.392612,3795,9842
364.592610,3795,9842
364.792608,3795,9842
364.992611,3795,9842
365.192609,3795,9842
365.392609,3795,9842
365.592610,3795,9842
365.792608,3794,9842
365.992609,3794,9842
366.192617,3794,9842
366.392611,3795,9842
366.592610,3795,9842
366.792608,3794,9842
366.992611,3794,9842
367.192606,3795,9842
367.392607,3794,9842
367.592609,3794,9842
367.792612,3795,9842
367.992610,3795,9842
368.192617,3794,9842
368.392611,3795,9842
368.592626,3795,9842
368.792616,3795,9842
368.992612,3796,9842
369.192609,3796,9842
369.392611,3794,9842
369.592609,3794,9842
369.792615,3795,9842
369.992617,3794,9842
370.192622,3794,9842
370.392612,3794,9842
370.592612,3795,9842
370.792609,3794,9842
370.992609,3794,9842
371.192609,3795,9842
371.392608,3794,9842
371.592607,3795,9842
371.792609,3794,9842
371.992609,3794,9842
372.192617,3795,9842
372.392612,3794,9842
372.592609,3795,9842
372.792610,3796,9842
372.992610,3795,9842
373.192609,3795,9842
373.392608,3794,9842
373.592608,3794,9842
373.792628,3795,9842
373.992620,3794,9842
374.192621,3795,9842
374.392612,3795,9842
374.592609,3794,9842
374.792609,3795,9842
374.992610,3795,9842
375.192608,3794,9842
375.392609,3794,9842
375.592607,3794,9842
375.792629,3794,9842
375.992617,3794,9842
376.192622,3795,9842
376.392612,3795,9842
376.592608,3794,9842
376.792609,3794,9842
376.992612,3794,9842
377.192609,3795,9842
377.392610,3794,9842
377.592608,3794,9842
377.792610,3794,9842
377.992608,3794,9842
378.192615,3794,9842
378.392611,3794,9842
378.592608,3794,9842
378.792607,3794,9842
378.992625,3798,9842
379.192617,3794,9842
379.392613,3794,9842
379.592608,3794,9842
379.792614,3797,9842
379.992613,3795,9842
380.192621,3795,9842
380.392614,3795,9842
380.592609,3794,9842
380.792631,3795,9842
380.992618,3796,9842
381.192609,3794,9842
381.392647,3796,9842
381.592622,3794,9842
381.792611,3794,9842
381.992611,3794,9842
382.192625,3794,9842
382.392616,3795,9842
382.592623,3796,9842
382.792613,3795,9842
382.992611,3794,9842
383.192612,3796,9842
383.392610,3794,9842
383.592609,3794,9842
383.792608,3794,9842
383.992609,3794,9842
384.192639,3794,9842
384.392621,3794,9842
384.592610,3794,9842
384.792609,3794,9842
384.992611,3794,9842
385.192610,3796,9842
385.392608,3794,9842
385.592608,3794,9842
385.792609,3795,9842
385.992609,3794,9842
386.192619,3795,9842
386.392613,3794,9842
386.592610,3794,9842
386.792608,3794,9842
386.992608,3794,9842
387.192610,3795,9842
387.392610,3794,9842
387.592606,3794,9842
387.792611,3794,9842
387.992609,3794,9842
388.192616,3796,9842
388.392611,3794,9842
388.592610,3794,9842
388.792607,3794,9842
388.992609,3794,9842
389.192607,3794,9842
389.392627,3795,9842
389.592617,3795,9842
389.792619,3799,9842
389.992616,3794,9842
390.192624,3795,9842
390.392614,3796,9842
390.592609,3794,9842
390.792611,3795,9842
390.992613,3794,9842
391.192608,3795,9842
391.392605,3794,9842
391.592608,3794,9842
391.792606,3794,9842
391.992610,3794,9842
392.192616,3795,9842
392.392612,3795,9842
392.592610,3796,9842
392.792608,3794,9842
392.992610,3794,9842
393.192607,3795,9842
393.392608,3794,9842
393.592609,3795,9842
393.792607,3794,9842
393.992608,3795,9842
394.192615,3794,9842
394.392611,3795,9842
394.592627,3798,9842
394.792616,3795,9842
394.992613,3794,9842
395.192610,3794,9842
395.392610,3796,9842
395.592611,3795,9842
395.792610,3795,9842
395.992610,3795,9842
396.192618,3794,9842
396.392611,3794,9842
396.592610,3796,9842
396.792609,3795,9842
396.992612,3795,9842
397.192608,3795,9842
397.392608,3795,9842
397.592607,3795,9842
397.792612,3795,9842
397.992612,3795,9842
398.192618,3795,9842
398.392612,3795,9842
398.592609,3795,9842
398.792610,3795,9842
398.992610,3795,9842
399.192607,3795,9842
399.392608,3794,9842
399.592613,3795,9842
399.792628,3796,9842
399.992621,3794,9842
400.192622,3794,9842
400.392614,3794,9842
400.592611,3795,9842
400.792611,3795,9842
400.992614,3794,9842
401.192609,3796,9842
401.392608,3794,9842
401.592607,3795,9842
401.792609,3794,9842
401.992609,3794,9842
402.192619,3795,9842
402.392612,3795,9842
402.592608,3794,9842
402.792608,3794,9842
402.992611,3794,9842
403.192608,3795,9842
403.392610,3794,9842
403.592608,3795,9842
403.792607,3794,9842
403.992610,3794,9842
404.192615,3795,9842
404.392610,3794,9842
404.592609,3795,9842
404.792606,3794,9842
404.992626,3796,9842
405.192613,3795,9842
405.392612,3795,9842
405.592609,3794,9842
405.792609,3794,9842
405.992629,3796,9842
406.192628,3796,9842
406.392614,3794,9842
406.592611,3794,9842
406.792608,3794,9842
406.992609,3794,9842
407.192608,3795,9842
407.392608,3794,9842
407.592606,3794,9842
407.792610,3794,9842
407.992609,3794,9842
408.192615,3795,9842
408.392612,3794,9842
408.592609,3794,9842
408.792607,3794,9842
408.992608,3794,9842
409.192607,3794,9842
409.392609,3794,9842
409.592609,3794,9842
409.792628,3794,9842
409.992623,3794,9842
410.192641,3816,9842
410.392621,3794,9842
410.592612,3794,9842
410.792608,3794,9842
410.992610,3794,9842
411.192610,3794,9842
411.392609,3794,9842
411.592609,3795,9842
411.792607,3794,9842
411.992609,3794,9842
412.192618,3795,9842
412.392616,3794,9842
412.592611,3794,9842
412.792608,3794,9842
412.992610,3794,9842
413.192612,3795,9842
413.392611,3794,9842
413.592608,3794,9842
413.792609,3794,9842
413.992612,3794,9842
414.192616,3795,9842
414.392612,3795,9842
414.592609,3794,9842
414.792608,3794,9842
414.992610,3794,9842
415.192607,3794,9842
415.392627,3795,9842
415.592617,3794,9842
415.792611,3794,9842
415.992626,3794,9842
416.192627,3795,9842
416.392616,3794,9842
416.592608,3794,9842
416.792608,3794,9842
416.992609,3794,9842
417.192608,3795,9842
417.392608,3794,9842
417.592606,3794,9842
417.792602,3794,9842
417.992612,3794,9842
418.192618,3795,9842
418.392610,3794,9842
418.592610,3794,9842
418.792608,3794,9842
418.992609,3794,9842
419.192609,3794,9842
419.392609,3795,9842
419.592609,3794,9842
419.792614,3798,9842
419.992617,3795,9842
420.192618,3796,9842
420.392612,3794,9842
420.592629,3795,9842
420.792617,3794,9842
420.992611,3794,9842
421.192610,3794,9842
421.392609,3794,9842
421.592609,3796,9842
421.792609,3794,9842
421.992610,3794,9842
422.192618,3795,9842
422.392612,3794,9842
422.592610,3794,9842
422.792608,3794,9842
422.992610,3794,9842
423.192609,3794,9842
423.392608,3794,9842
423.592606,3794,9842
423.792610,3794,9842
423.992609,3794,9842
424.192618,3795,9842
424.392612,3794,9842
424.592610,3794,9842
424.792610,3794,9842
424.992609,3794,9842
425.192608,3794,9842
425.392608,3794,9842
425.592607,3794,9842
425.792623,3794,9842
425.992616,3794,9842
426.192622,3794,9842
426.392612,3794,9842
426.592609,3794,9842
426.792612,3794,9842
426.992611,3794,9842
427.192607,3794,9842
427.392608,3794,9842
427.592607,3794,9842
427.792601,3795,9842
427.992611,3794,9842
428.192616,3794,9842
428.392610,3794,9842
428.592607,3794,9842
428.792609,3795,9842
428.992611,3795,9842
429.192610,3794,9842
429.392610,3794,9842
429.592608,3794,9842
429.792614,3798,9842
429.992616,3795,9842
430.192616,3793,9842
430.392613,3794,9842
430.592608,3794,9842
430.792606,3794,9842
430.992627,3795,9842
431.192618,3794,9842
431.392613,3793,9842
431.592609,3794,9842
431.792607,3794,9842
431.992609,3793,9842
432.192615,3795,9842
432.392614,3794,9842
432.592608,3794,9842
432.792609,3794,9842
432.992608,3794,9842
433.192609,3794,9842
433.392609,3794,9842
433.592606,3793,9842
433.792606,3793,9842
433.992608,3793,9842
434.192616,3794,9842
434.392611,3793,9842
434.592607,3794,9842
434.792608,3793,9842
434.992608,3793,9842
435.192609,3793,9842
435.392608,3794,9842
435.592607,3794,9842
435.792608,3793,9842
435.992610,3794,9842
436.192638,3846,9842
436.392621,3794,9842
436.592609,3794,9842
436.792608,3794,9842
436.992611,3794,9842
437.192608,3794,9842
437.392609,3794,9842
437.592609,3794,9842
437.792601,3793,9842
437.992610,3793,9842
438.192618,3794,9842
438.392613,3793,9842
438.592615,3794,9842
438.792609,3793,9842
438.992611,3794,9842
439.192608,3794,9842
439.392610,3794,9842
439.592609,3794,9842
439.792615,3794,9842
439.992612,3794,9842
440.192622,3795,9842
440.392614,3794,9842
440.592609,3794,9842
440.792609,3794,9842
440.992611,3794,9842
441.192610,3794,9842
441.392648,3794,9842
441.592625,3793,9842
441.792611,3793,9842
441.992611,3793,9842
442.192625,3793,9842
442.392616,3794,9842
442.592622,3795,9842
442.792611,3794,9842
442.992610,3794,9842
443.192614,3795,9842
443.392612,3795,9842
443.592610,3794,9842
443.792608,3793,9842
443.992609,3794,9842
444.192619,3794,9842
444.392614,3793,9842
444.592612,3793,9842
444.792608,3793,9842
444.992608,3793,9842
445.192607,3794,9842
445.392608,3793,9842
445.592609,3794,9842
445.792606,3793,9842
445.992608,3793,9842
446.192607,3794,9842
446.392612,3793,9842
446.592632,3795,9842
446.792619,3793,9842
446.992613,3793,9842
447.192612,3794,9842
447.392608,3793,9842
447.592611,3793,9842
447.792621,3793,9842
447.992612,3794,9842
448.192619,3794,9842
448.392613,3793,9842
448.592611,3793,9842
448.792609,3793,9842
448.992609,3793,9842
449.192608,3793,9842
449.392609,3793,9842
449.592608,3793,9842
449.792606,3794,9842
449.992614,3793,9842
450.192620,3794,9842
450.392612,3793,9842
450.592609,3793,9842
450.792612,3794,9842
450.992610,3793,9842
451.192607,3794,9842
451.392617,3793,9842
451.592610,3794,9842
451.792627,3794,9842
451.992620,3794,9842
452.192621,3795,9842
452.392614,3794,9842
452.592609,3793,9842
452.792610,3795,9842
452.992611,3793,9842
453.192609,3793,9842
453.392609,3794,9842
453.592608,3793,9842
453.792608,3794,9842
453.992607,3794,9842
454.192617,3793,9842
454.392611,3794,9842
454.592608,3794,9842
454.792607,3794,9842
454.992608,3794,9842
455.192609,3793,9842
455.392609,3793,9842
455.592608,3794,9842
455.792607,3794,9842
455.992607,3793,9842
456.192614,3794,9842
456.392611,3794,9842
456.592609,3793,9842
456.792607,3793,9842
456.992626,3794,9842
457.192616,3794,9842
457.392611,3794,9842
457.592610,3793,9842
457.792609,3793,9842
457.992612,3793,9842
458.192621,3793,9842
458.392610,3793,9842
458.592607,3794,9842
458.792608,3793,9842
458.992609,3794,9842
459.192607,3794,9842
459.392608,3793,9842
459.592607,3793,9842
459.792605,3796,9842
459.992613,3793,9842
460.192621,3793,9842
460.392613,3793,9842
460.592609,3793,9842
460.792608,3793,9842
460.992609,3793,9842
461.192607,3794,9842
461.392613,3794,9842
461.592608,3794,9842
461.792607,3793,9842
461.992609,3793,9842
462.192630,3795,9842
462.392618,3793,9842
462.592614,3793,9842
462.792609,3793,9842
462.992611,3793,9842
463.192608,3793,9842
463.392609,3793,9842
463.592609,3793,9842
463.792607,3793,9842
463.992608,3794,9842
464.192617,3794,9842
464.392612,3793,9842
464.592610,3793,9842
464.792607,3793,9842
464.992609,3794,9842
465.192609,3793,9842
465.392610,3793,9842
465.592608,3793,9842
465.792607,3793,9842
465.992610,3793,9842
466.192614,3794,9842
466.392631,3828,9842
466.592616,3793,9842
466.792610,3793,9842
466.992610,3793,9842
467.192610,3793,9842
467.392624,3795,9842
467.592615,3793,9842
467.792610,3793,9842
467.992613,3793,9842
468.192622,3795,9842
468.392613,3795,9842
468.592609,3794,9842
468.792608,3794,9842
468.992608,3793,9842
469.192607,3793,9842
469.392609,3793,9842
469.592607,3793,9842
469.792607,3793,9842
469.992615,3793,9842
470.192619,3794,9842
470.392612,3793,9842
470.592612,3793,9842
470.792609,3794,9842
470.992609,3794,9842
471.192607,3794,9842
471.392611,3794,9842
471.592610,3793,9842
471.792609,3793,9842
471.992609,3793,9842
472.192614,3793,9842
472.392604,3793,9842
472.592629,3793,9842
472.792615,3793,9842
472.992612,3793,9842
473.192613,3794,9842
473.392611,3793,9842
473.592610,3793,9842
473.792608,3794,9842
473.992610,3793,9842
474.192619,3793,9842
474.392610,3793,9842
474.592610,3793,9842
474.792608,3793,9842
474.992609,3794,9842
475.192608,3793,9842
475.392608,3793,9842
475.592608,3793,9842
475.792608,3793,9842
475.992609,3793,9842
476.192616,3794,9842
476.392610,3793,9842
476.592609,3794,9842
476.792611,3794,9842
476.992610,3793,9842
477.192607,3794,9842
477.392608,3793,9842
477.592615,3793,9842
477.792626,3794,9842
477.992618,3793,9842
478.192622,3794,9842
478.392613,3793,9842
478.592610,3793,9842
478.792610,3794,9842
478.992610,3793,9842
479.192609,3794,9842
479.392610,3793,9842
479.592610,3793,9842
479.792618,3793,9842
479.992622,3794,9842
480.192625,3795,9842
480.392614,3794,9842
480.592612,3793,9842
480.792610,3795,9842
480.992612,3794,9842
481.192610,3794,9842
481.392608,3794,9842
481.592610,3794,9842
481.792609,3794,9842
481.992609,3794,9842
482.192618,3795,9842
482.392610,3794,9842
482.592609,3793,9842
482.792607,3793,9842
482.992629,3794,9842
483.192617,3793,9842
483.392611,3794,9842
483.592610,3794,9842
483.792607,3793,9842
483.992609,3795,9842
484.192620,3793,9842
484.392613,3794,9842
484.592610,3794,9842
484.792610,3794,9842
484.992609,3794,9842
485.192608,3794,9842
485.392624,3794,9842
485.592618,3794,9842
485.792612,3793,9842
485.992612,3794,9842
486.192623,3794,9842
486.392617,3794,9842
486.592631,3794,9842
486.792619,3794,9842
486.992616,3794,9842
487.192615,3794,9842
487.392613,3794,9842
487.592612,3794,9842
487.792610,3794,9842
487.992616,3794,9842
488.192634,3795,9842
488.392625,3794,9842
488.592613,3794,9842
488.792612,3794,9842
488.992615,3794,9842
489.192614,3795,9842
489.392612,3794,9842
489.592610,3795,9842
489.792604,3794,9842
489.992616,3794,9842
490.192623,3794,9842
490.392630,3794,9842
490.592616,3794,9842
490.792612,3794,9842
490.992614,3794,9842
491.192612,3795,9842
491.392635,3797,9842
491.592621,3794,9842
491.792616,3794,9842
491.992644,3794,9842
492.192638,4792,9802
492.392631,4690,9802
492.592630,4788,9802
492.792620,4713,9802
492.992622,4790,9802
493.192624,4621,9802
493.392636,4785,9810
493.592626,4610,9802
493.792624,4791,9810
493.992619,4585,9802
494.192633,4784,9810
494.392623,4586,9802
494.592622,4785,9810
494.792621,4582,9802
494.992621,4788,9810
495.192642,4587,9802
495.392629,4786,9810
495.592622,4581,9802
495.792621,4789,9810
495.992623,4578,9802
496.192634,4793,9810
496.392624,4578,9802
496.592639,4791,9810
496.792631,4590,9802
496.992624,4770,9810
497.192624,4609,9802
497.392624,4751,9810
497.592624,4623,9802
497.792622,4737,9802
497.992625,4644,9802
498.192633,4718,9802
498.392639,4668,9802
498.592628,4693,9802
498.792622,4684,9802
498.992619,4674,9802
499.192624,4709,9802
499.392622,4652,9802
499.592623,4719,9802
499.792623,4643,9802
499.992630,4742,9802
500.192631,4622,9802
500.392625,4763,9802
500.592619,4791,9802
500.792621,4785,9802
500.992624,4783,9802
501.192622,4781,9802
501.392651,4787,9802
501.592630,4782,9802
501.792631,4788,9802
501.992624,4781,9802
502.192636,4792,9802
502.392673,4782,9802
502.592632,4793,9802
502.792624,4783,9802
502.992622,4791,9802
503.192622,4784,9802
503.392637,4785,9802
503.592627,4792,9802
503.792623,4764,9802
503.992622,4791,9802
504.192631,4748,9802
504.392624,4793,9802
504.592622,4718,9802
504.792626,4791,9802
504.992625,4707,9802
505.192626,4794,9802
505.392626,4694,9802
505.592627,4790,9802
505.792629,4699,9802
505.992628,4703,9802
506.192631,4583,9810
506.392632,4713,9802
506.592632,4579,9802
506.792628,4613,9802
506.992631,4589,9802
507.192628,4587,9802
507.392627,4695,9802
507.592623,4793,9802
507.792620,4674,9802
507.992626,4709,9802
508.192630,4658,9802
508.392647,4733,9802
508.592628,4631,9802
508.792622,4753,9810
508.992621,4609,9802
509.192621,4779,9810
509.392621,4588,9802
509.592621,4783,9810
509.792621,4588,9802
509.992626,4783,9810
510.192635,4588,9802
510.392622,4783,9810
510.592624,4582,9802
510.792620,4783,9810
510.992625,4581,9802
511.192624,4786,9810
511.392624,4582,9802
511.592621,4794,9810
511.792623,4608,9802
511.992619,4794,9810
512.192626,4633,9802
512.392628,4792,9810
512.592624,4618,9802
512.792624,4794,9802
512.992624,4640,9802
513.192625,4792,9802
513.392636,4657,9802
513.592628,4794,9802
513.792619,4681,9802
513.992619,4792,9802
514.192642,4698,9802
514.392626,4793,9802
514.592627,4720,9802
514.792626,4791,9802
514.992624,4731,9802
515.192622,4794,9802
515.392625,4752,9802
515.592623,4793,9810
515.792620,4588,9802
515.992623,4785,9810
516.192630,4590,9802
516.392625,4785,9810
516.592629,4586,9802
516.792624,4788,9810
516.992622,4582,9802
517.192623,4792,9810
517.392623,4580,9802
517.592622,4792,9810
517.792623,4582,9802
517.992623,4782,9810
518.192633,4605,9802
518.392634,4764,9810
518.592631,4618,9802
518.792623,4744,9810
518.992626,4643,9802
519.192623,4724,9802
519.392623,4662,9802
519.592624,4702,9802
519.792631,4684,9802
519.992627,4682,9802
520.192634,4700,9802
520.392625,4665,9802
520.592621,4724,9802
520.792624,4638,9802
520.992623,4747,9810
521.192622,4617,9802
521.392620,4771,9810
521.592620,4592,9802
521.792637,4786,9810
521.992631,4589,9802
522.192632,4786,9810
522.392629,4595,9802
522.592625,4785,9810
522.792622,4590,9802
522.992623,4783,9802
523.192622,4788,9802
523.392637,4783,9802
523.592628,4790,9802
523.792625,4783,9802
523.992621,4791,9802
524.192632,4784,9802
524.392628,4791,9802
524.592623,4785,9802
524.792623,4792,9802
524.992624,4792,9802
525.192622,4768,9802
525.392623,4792,9802
525.592621,4750,9802
525.792622,4794,9802
525.992621,4726,9802
526.192633,4794,9802
526.392626,4706,9802
526.592619,4793,9802
526.792620,4679,9802
526.992643,4793,9802
527.192631,4664,9802
527.392628,4793,9802
527.592624,4646,9802
527.792623,4793,9810
527.992624,4625,9802
528.192635,4795,9810
528.392642,4617,9802
528.592628,4793,9810
528.792623,4594,9802
528.992625,4790,9810
529.192623,4590,9802
529.392622,4786,9810
529.592623,4588,9802
529.793669,4790,9810
529.992632,4585,9802
530.192635,4796,9810
530.392623,4582,9802
530.592624,4783,9810
530.792622,4583,9802
530.992623,4793,9810
531.192622,4605,9802
531.392618,4792,9810
531.592619,4622,9802
531.792615,4795,9802
531.992624,4646,9802
532.192638,4793,9802
532.392632,4634,9802
532.592629,4793,9802
532.792624,4655,9802
532.992621,4794,9802
533.192623,4680,9802
533.392637,4795,9802
533.592624,4706,9802
533.792619,4794,9802
533.992623,4740,9802
534.192632,4793,9802
534.392627,4766,9802
534.592624,4793,9802
534.792620,4787,9802
534.992619,4786,9802
535.192621,4785,9802
535.392620,4791,9802
535.592619,4784,9802
535.792619,4792,9802
535.992619,4784,9802
536.192636,4791,9802
536.392626,4793,9802
536.592621,4774,9802
536.792622,4794,9802
536.992617,4748,9802
537.192623,4794,9802
537.392622,4726,9802
537.592621,4794,9802
537.792619,4697,9802
537.992623,4794,9802
538.192634,4677,9802
538.392635,4709,9802
538.592624,4656,9802
538.792621,4737,9802
538.992619,4628,9802
539.192623,4762,9810
539.392621,4602,9802
539.592619,4788,9810
539.792620,4590,9802
539.992633,4783,9810
540.192631,4591,9802
540.392626,4783,9810
540.592623,4584,9802
540.792621,4783,9810
540.992622,4582,9802
541.192620,4785,9810
541.392625,4582,9802
541.592626,4793,9810
541.792622,4598,9802
541.992622,4793,9810
542.192632,4623,9802
542.392624,4794,9810
542.592621,4616,9802
542.792624,4794,9810
542.992619,4646,9802
543.192624,4793,9802
543.392635,4670,9802
543.592625,4793,9802
543.792622,4697,9802
543.992621,4793,9802
544.192631,4726,9802
544.392626,4793,9802
544.592623,4756,9802
544.792622,4793,9802
544.992619,4779,9802
545.192623,4785,9802
545.392623,4785,9802
545.592624,4787,9810
545.792620,4584,9802
545.992619,4791,9810
546.192631,4581,9802
546.392623,4793,9810
546.592622,4580,9802
546.792621,4788,9810
546.992621,4601,9802
547.192621,4763,9810
547.392615,4624,9802
547.592621,4740,9802
547.792619,4653,9802
547.992621,4713,9802
548.192632,4677,9802
548.392636,4697,9802
548.592627,4696,9802
548.792628,4671,9802
548.992622,4712,9802
549.192624,4656,9802
549.392624,4736,9802
549.592620,4632,9802
549.792621,4761,9810
549.992636,4607,9802
550.192635,4786,9810
550.392626,4591,9802
550.592622,4784,9810
550.792623,4589,9802
550.992621,4784,9810
551.192621,4586,9802
551.392619,4784,9810
551.592618,4582,9802
551.792620,4794,9810
551.992619,4598,9802
552.192631,4794,9810
552.392630,4589,9802
552.592620,4793,9810
552.792623,4615,9802
552.992623,4793,9802
553.192622,4727,9802
553.392639,4794,9802
553.592627,4710,9802
553.792628,4795,9802
553.992625,4683,9802
554.192632,4792,9802
554.392624,4663,9802
554.592621,4794,9802
554.792621,4634,9802
554.992621,4794,9810
555.192620,4602,9802
555.392623,4794,9810
555.592623,4589,9802
555.792622,4787,9810
555.992621,4585,9802
556.192631,4791,9810
556.392624,4582,9802
556.592623,4792,9810
556.792622,4583,9802
556.992623,4793,9810
557.192622,4583,9802
557.392643,4786,9810
557.592628,4603,9802
557.792621,4763,9810
557.992626,4623,9802
558.192633,4746,9810
558.392635,4641,9802
558.592627,4722,9802
558.792622,4670,9802
558.992621,4693,9802
559.192622,4698,9802
559.392626,4665,9802
559.592621,4724,9802
559.792619,4639,9802
559.992632,4752,9810
560.192634,4615,9802
560.392625,4780,9810
560.592625,4588,9802
560.792620,4783,9802
560.992625,4789,9802
561.192623,4783,9802
561.392645,4793,9802
561.592631,4783,9802
561.792629,4792,9802
561.992624,4783,9802
562.192633,4793,9802
562.392645,4806,9802
562.592637,4795,9802
562.792625,4794,9802
562.992624,4773,9802
563.192672,4794,9802
563.392635,4751,9802
563.592624,4795,9802
563.792621,4726,9802
563.992618,4793,9802
564.192635,4703,9802
564.392627,4794,9802
564.592621,4673,9802
564.792623,4794,9802
564.992619,4650,9802
565.192621,4796,9802
565.392625,4628,9802
565.592624,4794,9810
565.792621,4610,9802
565.992619,4793,9810
566.192630,4591,9802
566.392626,4785,9810
566.592626,4590,9802
566.792621,4787,9810
566.992619,4585,9802
567.192616,4792,9810
567.392621,4582,9802
567.592619,4793,9810
567.792623,4580,9802
567.992621,4787,9810
568.192628,4602,9802
568.392637,4793,9810
568.592627,4624,9802
568.792621,4793,9802
568.992620,4649,9802
569.192620,4794,9802
569.392623,4677,9802
569.592621,4793,9802
569.792621,4699,9802
569.992633,4794,9802
570.192637,4722,9802
570.392627,4792,9802
570.592622,4741,9802
570.792620,4794,9802
570.992618,4775,9802
571.192620,4783,9802
571.392623,4784,9802
571.592623,4788,9802
571.792619,4783,9802
571.992620,4791,9802
572.192629,4783,9802
572.392626,4793,9802
572.592624,4783,9802
572.792623,4792,9802
572.992621,4783,9802
573.192621,4780,9802
573.392630,4794,9802
573.592629,4765,9802
573.792628,4792,9802
573.992623,4748,9802
574.192633,4794,9802
574.392625,4729,9802
574.592625,4794,9802
574.792622,4707,9802
574.992622,4793,9802
575.192620,4681,9802
575.392622,4793,9802
575.592620,4658,9802
575.792621,4726,9802
575.992621,4637,9802
576.192633,4750,9810
576.392621,4614,9802
576.592622,4773,9810
576.792622,4591,9802
576.992620,4782,9810
577.192622,4588,9802
577.392622,4784,9810
577.592622,4585,9802
577.792627,4783,9810
577.992623,4582,9802
578.192635,4783,9810
578.392637,4584,9802
578.592625,4785,9810
578.792625,4582,9802
578.992628,4787,9810
579.192628,4586,9802
579.392626,4785,9810
579.592625,4584,9802
579.792627,4784,9810
579.992637,4589,9802
580.192639,4785,9810
580.392630,4658,9810
580.592627,4739,9810
580.792627,4743,9810
580.992628,4683,9810
581.192626,4751,9810
581.392625,4735,9810
581.592624,4605,9802
581.792619,4786,9810
581.992621,4590,9802
582.192630,4785,9810
582.392626,4589,9802
582.592624,4783,9810
582.792623,4589,9802
582.992622,4783,9810
583.192623,4790,9802
583.392639,4784,9802
583.592629,4792,9802
583.792619,4784,9802
583.992621,4792,9802
584.192632,4785,9802
584.392624,4792,9802
584.592624,4788,9802
584.792621,4779,9802
584.992622,4793,9802
585.192623,4758,9802
585.392622,4793,9802
585.592620,4738,9802
585.792622,4793,9802
585.992620,4714,9802
586.192632,4794,9802
586.392624,4694,9802
586.592623,4793,9802
586.792619,4677,9802
586.992624,4795,9802
587.192623,4655,9802
587.392618,4795,9802
587.592639,4632,9794
587.792630,4794,9810
587.992625,4616,9802
588.192634,4795,9810
588.392637,4611,9802
588.592625,4793,9810
588.792624,4594,9802
588.992620,4792,9810
589.192623,4590,9802
589.392620,4786,9810
589.592619,4587,9802
589.792618,4790,9810
589.992634,4587,9802
590.192635,4797,9810
590.392626,4582,9802
590.592624,4794,9810
590.792621,4580,9802
590.992619,4793,9810
591.192622,4596,9802
591.392623,4793,9810
591.592622,4617,9802
591.792623,4793,9810
591.992622,4638,9802
592.192631,4774,9802
592.392629,4626,9802
592.592624,4793,9802
592.792629,4643,9802
592.992625,4794,9802
593.192619,4663,9802
593.392635,4793,9802
593.592628,4680,9802
593.792620,4792,9802
593.992623,4700,9802
594.192630,4795,9802
594.392622,4715,9802
594.592625,4793,9802
594.792621,4740,9802
594.992620,4793,9802
595.192625,4765,9802
595.392624,4792,9802
595.592624,4782,9802
595.792622,4784,9802
595.992648,4685,9802
596.192641,4795,9802
596.392625,4669,9802
596.592627,4794,9802
596.792620,4690,9802
596.992621,4793,9802
597.192624,4718,9802
597.392623,4795,9802
597.592620,4732,9802
597.792624,4795,9802
597.992622,4752,9802
598.192630,4794,9810
598.392632,4592,9802
598.592626,4791,9810
598.792621,4588,9802
598.992624,4786,9810
599.192624,4586,9802
599.392619,4789,9810
599.592617,4583,9802
599.792619,4792,9810
599.992633,4581,9802
600.192634,4794,9810
600.392623,4580,9802
600.592623,4784,9810
600.792620,4604,9802
600.992622,4761,9810
601.192620,4621,9802
601.392623,4742,9810
601.592623,4647,9802
601.792622,4719,9802
601.992620,4664,9802
602.192635,4703,9802
602.392627,4657,9802
602.592627,4711,9802
602.792624,4674,9802
602.992623,4694,9802
603.192621,4693,9802
603.392633,4674,9802
603.592626,4719,9802
603.792623,4648,9802
603.992623,4739,9802
604.192631,4625,9802
604.392626,4762,9810
604.592617,4603,9802
604.792623,4781,9810
604.992621,4589,9802
605.192621,4783,9810
605.392622,4588,9802
605.592618,4782,9810
605.792619,4791,9802
605.992623,4783,9802
606.192634,4793,9802
606.392625,4783,9802
606.592626,4791,9802
606.792623,4791,9802
606.992623,4772,9802
607.192621,4794,9802
607.392623,4749,9802
607.592623,4794,9802
607.792621,4725,9802
607.992624,4792,9802
608.192631,4707,9802
608.392632,4793,9802
608.592631,4684,9802
608.792622,4792,9802
608.992620,4663,9802
609.192620,4795,9802
609.392622,4638,9802
609.592617,4794,9810
609.792617,4615,9802
609.992635,4797,9810
610.192637,4598,9802
610.392627,4793,9810
610.592619,4588,9802
610.792619,4785,9810
610.992621,4588,9802
611.192622,4789,9810
611.392625,4584,9802
611.592625,4793,9810
611.792620,4581,9802
611.992619,4795,9810
612.192628,4582,9802
612.392628,4795,9810
612.592626,4582,9802
612.792620,4794,9810
612.992623,4596,9802
613.192623,4773,9810
613.392638,4614,9802
613.592627,4793,9810
613.792625,4636,9802
613.992618,4794,9802
614.192634,4659,9802
614.392622,4794,9802
614.592624,4679,9802
614.792622,4792,9802
614.992619,4692,9802
615.192625,4793,9802
615.392621,4706,9802
615.592620,4794,9802
615.792619,4725,9802
615.992621,4794,9802
616.192633,4747,9802
616.392628,4793,9802
616.592652,4756,9794
616.792637,4791,9802
616.992632,4719,9802
617.192629,4790,9802
617.392625,4681,9802
617.592621,4795,9802
617.792621,4704,9802
617.992639,4794,9802
618.192635,4723,9802
618.392625,4792,9802
618.592620,4742,9802
618.792624,4792,9802
618.992621,4760,9802
619.192621,4794,9802
619.392620,4780,9802
619.592622,4784,9802
619.792620,4785,9802
619.992633,4793,9802
620.192633,4788,9802
620.392629,4789,9802
620.592622,4785,9802
620.792622,4791,9810
620.992618,4581,9802
621.192621,4794,9810
621.392655,5095,9778
621.592688,5234,9786
621.792666,4861,9778
621.992656,5063,9794
622.192657,5386,9794
622.392647,4742,9802
622.592636,4802,9802
622.792631,4742,9802
622.992624,4795,9802
623.192619,4763,9802
623.392627,4794,9802
623.592621,4787,9802
623.792624,4785,9802
623.992621,4784,9802
624.192635,4790,9802
624.392624,4784,9802
624.592622,4791,9802
624.792619,4784,9802
624.992623,4793,9802
625.192620,4785,9802
625.392619,4793,9802
625.592620,4793,9802
625.792620,4771,9802
625.992622,4794,9802
626.192640,4755,9802
626.392626,4793,9802
626.592632,4746,9794
626.792633,4794,9802
626.992625,4726,9802
627.192625,4794,9802
627.392626,4705,9802
627.592622,4796,9802
627.792622,4683,9802
627.992627,4793,9802
628.192637,4668,9802
628.392626,4715,9802
628.592624,4652,9802
628.792620,4740,9802
628.992620,4624,9802
629.192620,4763,9810
629.392622,4604,9802
629.592617,4781,9810
629.792619,4588,9802
629.992632,4785,9810
630.192636,4593,9802
630.392625,4784,9810
630.592621,4586,9802
630.792623,4783,9810
630.992622,4584,9802
631.192624,4783,9810
631.392620,4583,9802
631.592635,4784,9810
631.792624,4582,9802
631.992622,4794,9810
632.192632,4595,9802
632.392627,4788,9810
632.592623,4589,9802
632.792622,4794,9810
632.992621,4612,9802
633.192623,4792,9810
633.392625,4633,9802
633.592627,4792,9810
633.792619,4654,9802
633.992619,4794,9802
634.192630,4679,9802
634.392624,4793,9802
634.592623,4695,9802
634.792628,4795,9802
634.992625,4717,9802
635.192622,4793,9802
635.392620,4727,9802
635.592620,4794,9802
635.792621,4619,9802
635.992622,4793,9810
636.192632,4602,9802
636.392622,4793,9810
636.592636,4587,9802
636.792629,4784,9810
636.992623,4588,9802
637.192622,4787,9810
637.392619,4586,9802
637.592622,4791,9810
637.792620,4581,9802
637.992616,4793,9810
638.192634,4582,9802
638.392624,4793,9810
638.592624,4589,9802
638.792620,4778,9810
638.992620,4609,9802
639.192622,4757,9810
639.392625,4631,9802
639.592620,4737,9802
639.792623,4650,9802
639.992633,4718,9802
640.192635,4667,9802
640.392627,4701,9802
640.592623,4683,9802
640.792621,4683,9802
640.992621,4708,9802
641.192621,4657,9802
641.392617,4731,9802
641.592635,4636,9802
641.792625,4755,9810
641.992622,4610,9802
642.192631,4775,9810
642.392630,4625,9802
642.592625,4763,9810
642.792620,4601,9802
642.992619,4786,9810
643.192625,4594,9802
643.392620,4784,9802
643.592622,4790,9802
643.792625,4784,9802
643.992624,4793,9802
644.192632,4787,9802
644.392621,4792,9802
644.592622,4784,9802
644.792621,4789,9802
644.992619,4793,9802
645.192620,4766,9802
645.392622,4794,9802
645.592623,4742,9802
645.792622,4794,9802
645.992621,4721,9802
646.192631,4795,9802
646.392623,4696,9802
646.592634,4794,9802
646.792624,4674,9802
646.992621,4794,9802
647.192625,4649,9802
647.392626,4792,9802
647.592620,4631,9802
647.792625,4793,9810
647.992618,4607,9802
648.192649,4837,9794
648.392613,4637,9794
648.592629,4794,9810
648.792625,4618,9802
648.992625,4793,9810
649.192622,4599,9802
649.392620,4793,9810
649.592623,4587,9802
649.792617,4785,9810
649.992645,4602,9802
650.192636,4789,9810
650.392625,4586,9802
650.592622,4791,9810
650.792624,4580,9802
650.992622,4782,9810
651.192620,4580,9802
651.392619,4792,9810
651.592633,4588,9802
651.792627,4791,9810
651.992621,4607,9802
652.192630,4774,9810
652.392629,4599,9802
652.592629,4793,9810
652.792626,4616,9802
652.992625,4792,9810
653.192633,4626,9802
653.392656,4790,9802
653.592635,4619,9802
653.792627,4790,9810
653.992627,4616,9802
654.192637,4790,9810
654.392634,4605,9802
654.592620,4782,9810
654.792624,4580,9802
654.992621,4780,9810
655.192619,4580,9802
655.392620,4790,9810
655.592620,4593,9802
655.792621,4791,9810
655.992619,4617,9802
656.192629,4790,9810
656.392625,4632,9802
656.592632,4790,9802
656.792628,4649,9802
656.992620,4790,9802
657.192622,4667,9802
657.392621,4791,9802
657.592624,4688,9802
657.792622,4790,9802
657.992622,4704,9802
658.192641,4792,9802
658.392627,4643,9802
658.592623,4790,9802
658.792620,4623,9802
658.992622,4791,9810
659.192619,4601,9802
659.392620,4791,9810
659.592618,4584,9802
659.792618,4783,9810
659.992632,4592,9802
660.192636,4785,9810
660.392623,4582,9802
660.592623,4787,9810
660.792620,4581,9802
660.992620,4790,9810
661.192618,4578,9802
661.392618,4790,9810
661.592636,4577,9802
661.792624,4786,9810
661.992629,4593,9802
662.192698,4771,9810
662.392655,3797,9842
662.592624,3796,9842
662.792614,3795,9842
662.992614,3795,9842
663.192613,3795,9842
663.392625,3795,9842
663.592621,3793,9842
663.792613,3793,9842
663.992612,3793,9842
664.192620,3793,9842
664.392615,3792,9842
664.592611,3793,9842
664.792609,3792,9842
664.992608,3792,9842
665.192612,3792,9842
665.392609,3792,9842
665.592609,3792,9842
665.792609,3792,9842
665.992608,3792,9842
666.192618,3792,9842
666.392614,3791,9842
666.592634,3791,9842
666.792618,3792,9842
666.992611,3793,9842
667.192612,3793,9842
667.392612,3791,9842
667.592611,3791,9842
667.792608,3791,9842
667.992612,3791,9842
668.192627,3791,9842
668.392617,3792,9842
668.592626,3791,9842
668.792616,3792,9842
668.992614,3792,9842
669.192612,3793,9842
669.392612,3791,9842
669.592611,3791,9842
669.792610,3791,9842
669.992612,3791,9842
670.192623,3791,9842
670.392616,3791,9842
670.592610,3791,9842
670.792609,3790,9842
670.992613,3790,9842
671.192607,3791,9842
671.392636,3793,9842
671.592621,3790,9842
671.792634,3790,9842
671.992622,3791,9842
672.192624,3792,9842
672.392616,3791,9842
672.592617,3791,9842
672.792611,3790,9842
672.992612,3790,9842
673.192610,3791,9842
673.392611,3791,9842
673.592610,3790,9842
673.792635,3790,9842
673.992620,3790,9842
674.192621,3792,9842
674.392612,3790,9842
674.592613,3790,9842
674.792611,3791,9842
674.992612,3791,9842
675.192609,3791,9842
675.392609,3791,9842
675.592609,3790,9842
675.792609,3791,9842
675.992612,3791,9842
676.192619,3792,9842
676.392611,3792,9842
676.592611,3791,9842
676.792608,3791,9842
676.992633,3791,9842
677.192617,3791,9842
677.392612,3790,9842
677.592611,3791,9842
677.792610,3790,9842
677.992612,3790,9842
678.192624,3792,9842
678.392615,3791,9842
678.592610,3791,9842
678.792612,3791,9842
678.992630,3791,9842
679.192618,3790,9842
679.392616,3791,9842
679.592610,3790,9842
679.792609,3791,9842
679.992612,3790,9842
680.192625,3790,9842
680.392616,3790,9842
680.592610,3791,9842
680.792611,3791,9842
680.992611,3790,9842
681.192608,3791,9842
681.392636,3791,9842
681.592619,3791,9842
681.792614,3790,9842
681.992613,3790,9842
682.192637,3791,9842
682.392621,3790,9842
682.592624,3793,9842
682.792617,3790,9842
682.992614,3790,9842
683.192608,3790,9842
683.392614,3790,9842
683.592612,3790,9842
683.792610,3790,9842
683.992612,3790,9842
684.192638,3790,9842
684.392622,3790,9842
684.592612,3790,9842
684.792610,3791,9842
684.992614,3790,9842
685.192610,3792,9842
685.392611,3790,9842
685.592610,3791,9842
685.792608,3790,9842
685.992612,3790,9842
686.192618,3791,9842
686.392612,3790,9842
686.592611,3791,9842
686.792606,3790,9842
686.992612,3791,9842
687.192609,3791,9842
687.392630,3790,9842
687.592618,3790,9842
687.792611,3790,9842
687.992613,3790,9842
688.192622,3792,9842
688.392617,3790,9842
688.592612,3790,9842
688.792611,3790,9842
688.992614,3790,9842
689.192609,3789,9842
689.392621,3790,9842
689.592616,3790,9842
689.792613,3789,9842
689.992615,3794,9842
690.192626,3791,9842
690.392614,3790,9842
690.592613,3791,9842
690.792611,3790,9842
690.992610,3791,9842
691.192610,3790,9842
691.392610,3789,9842
691.592610,3790,9842
691.792610,3790,9842
691.992608,3791,9842
692.192618,3791,9842
692.392613,3789,9842
692.592632,3790,9842
692.792619,3789,9842
692.992611,3789,9842
693.192614,3789,9842
693.392612,3790,9842
693.592610,3789,9842
693.792610,3789,9842
693.992612,3789,9842
694.192620,3788,9842
694.392613,3789,9842
694.592620,3795,9842
694.792617,3789,9842
694.992615,3789,9842
695.192613,3789,9842
695.392610,3788,9842
695.592611,3788,9842
695.792610,3788,9842
695.992610,3788,9842
696.192618,3789,9842
696.392614,3788,9842
696.592610,3788,9842
696.792609,3788,9842
696.992611,3788,9842
697.192609,3789,9842
697.392612,3788,9842
697.592609,3788,9842
697.792628,3788,9842
697.992620,3788,9842
698.192622,3789,9842
698.392617,3788,9842
698.592612,3788,9842
698.792609,3788,9842
698.992612,3788,9842
699.192608,3789,9842
699.392610,3788,9842
699.592610,3788,9842
699.792619,3788,9842
699.992617,3788,9842
700.192623,3788,9842
700.392614,3789,9842
700.592611,3788,9842
700.792609,3788,9842
700.992612,3789,9842
701.192608,3789,9842
701.392608,3789,9842
701.592611,3788,9842
701.792609,3788,9842
701.992611,3788,9842
702.192618,3789,9842
702.392611,3787,9842
702.592612,3789,9842
702.792609,3788,9842
702.992635,3787,9842
703.192617,3789,9842
703.392610,3788,9842
703.592614,3787,9842
703.792611,3788,9842
703.992611,3788,9842
704.192623,3789,9842
704.392612,3788,9842
704.592610,3788,9842
704.792610,3788,9842
704.992623,3788,9842
705.192616,3788,9842
705.392612,3788,9842
705.592609,3788,9842
705.792613,3788,9842
705.992613,3788,9842
706.192621,3789,9842
706.392613,3788,9842
706.592608,3789,9842
706.792611,3789,9842
706.992613,3788,9842
707.192608,3788,9842
707.392608,3787,9842
707.592608,3789,9842
707.792610,3788,9842
707.992610,3787,9842
708.192631,3790,9842
708.392620,3787,9842
708.592610,3787,9842
708.792611,3787,9842
708.992612,3787,9842
709.192609,3788,9842
709.392610,3788,9842
709.592610,3788,9842
709.792608,3788,9842
709.992610,3788,9842
710.192633,3815,9842
710.392620,3788,9842
710.592612,3788,9842
710.792612,3788,9842
710.992612,3788,9842
711.192611,3787,9842
711.392611,3787,9842
711.592616,3787,9842
711.792610,3788,9842
711.992609,3787,9842
712.192619,3787,9842
712.392612,3787,9842
712.592602,3787,9842
712.792607,3787,9842
712.992614,3787,9842
713.192611,3787,9842
713.392626,3788,9842
713.592617,3787,9842
713.792612,3788,9842
713.992612,3787,9842
714.192619,3787,9842
714.392614,3787,9842
714.592610,3787,9842
714.792608,3788,9842
714.992611,3788,9842
715.192610,3789,9842
715.392628,3788,9842
715.592618,3787,9842
715.792612,3787,9842
715.992612,3788,9842
716.192619,3789,9842
716.392615,3787,9842
716.592612,3787,9842
716.792612,3788,9842
716.992609,3789,9842
717.192608,3788,9842
717.392611,3787,9842
717.592609,3787,9842
717.792610,3787,9842
717.992607,3787,9842
718.192619,3789,9842
718.392616,3788,9842
718.592632,3787,9842
718.792623,3787,9842
718.992610,3787,9842
719.192612,3787,9842
719.392612,3787,9842
719.592610,3787,9842
719.792610,3788,9842
719.992611,3788,9842
720.192625,3788,9842
720.392618,3787,9842
720.592612,3788,9842
720.792612,3787,9842
720.992611,3787,9842
721.192610,3787,9842
721.392613,3787,9842
721.592610,3788,9842
721.792608,3787,9842
721.992610,3787,9842
722.192616,3790,9842
722.392612,3787,9842
722.592609,3787,9842
722.792610,3787,9842
722.992611,3787,9842
723.192608,3788,9842
723.392610,3787,9842
723.592610,3787,9842
723.792630,3787,9842
723.992622,3787,9842
724.192618,3787,9842
724.392612,3787,9842
724.592610,3787,9842
724.792610,3787,9842
724.992610,3787,9842
725.192610,3787,9842
725.392610,3788,9842
725.592611,3787,9842
725.792609,3787,9842
725.992610,3787,9842
726.192618,3787,9842
726.392609,3787,9842
726.592611,3787,9842
726.792609,3786,9842
726.992609,3786,9842
727.192609,3787,9842
727.392607,3786,9842
727.592609,3786,9842
727.792609,3786,9842
727.992610,3788,9842
728.192619,3787,9842
728.392614,3786,9842
728.592612,3787,9842
728.792609,3786,9842
728.992630,3786,9842
729.192616,3787,9842
729.392610,3788,9842
729.592613,3788,9842
729.792610,3787,9842
729.992625,3787,9842
730.192626,3787,9842
730.392616,3786,9842
730.592616,3787,9842
730.792611,3786,9842
730.992611,3787,9842
731.192611,3787,9842
731.392610,3786,9842
731.592607,3787,9842
731.792611,3787,9842
731.992611,3787,9842
732.192617,3788,9842
732.392612,3787,9842
732.592609,3788,9842
732.792611,3787,9842
732.992609,3787,9842
733.192608,3788,9842
733.392611,3787,9842
733.592606,3787,9842
733.792608,3786,9842
733.992610,3786,9842
734.192633,3787,9842
734.392620,3787,9842
734.592610,3787,9842
734.792611,3788,9842
734.992611,3787,9842
735.192608,3787,9842
735.392610,3787,9842
735.592610,3788,9842
735.792609,3787,9842
735.992611,3787,9842
736.192617,3788,9842
736.392612,3786,9842
736.592609,3787,9842
736.792608,3787,9842
736.992611,3787,9842
737.192608,3787,9842
737.392610,3786,9842
737.592608,3786,9842
737.792607,3787,9842
737.992612,3786,9842
738.192616,3787,9842
738.392614,3787,9842
738.592609,3786,9842
738.792609,3787,9842
738.992611,3786,9842
739.192611,3786,9842
739.392629,3786,9842
739.592618,3786,9842
739.792610,3786,9842
739.992611,3786,9842
740.192627,3790,9842
740.392620,3786,9842
740.592615,3786,9842
740.792613,3786,9842
740.992612,3786,9842
741.192609,3786,9842
741.392647,3786,9842
741.592625,3786,9842
741.792612,3786,9842
741.992613,3786,9842
742.192621,3786,9842
742.392615,3786,9842
742.592634,3788,9842
742.792614,3786,9842
742.992612,3786,9842
743.192609,3786,9842
743.392601,3786,9842
743.592611,3787,9842
743.792609,3786,9842
743.992607,3785,9842
744.192624,3786,9842
744.392613,3786,9842
744.592634,3786,9842
744.792619,3786,9842
744.992611,3786,9842
745.192612,3787,9842
745.392612,3786,9842
745.592610,3787,9842
745.792622,3785,9842
745.992616,3786,9842
746.192622,3788,9842
746.392616,3787,9842
746.592612,3786,9842
746.792610,3786,9842
746.992613,3786,9842
747.192612,3787,9842
747.392610,3786,9842
747.592610,3786,9842
747.792610,3786,9842
747.992611,3786,9842
748.192622,3789,9842
748.392613,3786,9842
748.592611,3786,9842
748.792609,3786,9842
748.992612,3786,9842
749.192608,3788,9842
749.392611,3786,9842
749.592608,3786,9842
749.792630,3786,9842
749.992621,3786,9842
750.192630,3788,9842
750.392617,3786,9842
750.592613,3787,9842
750.792628,3787,9842
750.992619,3787,9842
751.192612,3786,9842
751.392613,3787,9842
751.592613,3787,9842
751.792609,3786,9842
751.992612,3786,9842
752.192622,3788,9842
752.392613,3786,9842
752.592611,3786,9842
752.792610,3786,9842
752.992611,3786,9842
753.192608,3786,9842
753.392608,3787,9842
753.592609,3786,9842
753.792612,3786,9842
753.992611,3787,9842
754.192618,3794,9842
754.392611,3787,9842
754.592611,3786,9842
754.792609,3786,9842
754.992632,3789,9842
755.192617,3786,9842
755.392609,3786,9842
755.592612,3786,9842
755.792610,3786,9842
755.992613,3786,9842
756.192621,3786,9842
756.392614,3786,9842
756.592609,3786,9842
756.792611,3786,9842
756.992610,3789,9842
757.192609,3787,9842
757.392610,3787,9842
757.592607,3787,9842
757.792610,3786,9842
757.992611,3786,9842
758.192620,3786,9842
758.392613,3786,9842
758.592609,3786,9842
758.792609,3786,9842
758.992611,3786,9842
759.192609,3787,9842
759.392610,3787,9842
759.592606,3786,9842
759.792610,3786,9842
759.992608,3786,9842
760.192639,3787,9842
760.392623,3787,9842
760.592610,3786,9842
760.792614,3788,9842
760.992616,3787,9842
761.192610,3787,9842
761.392609,3786,9842
761.592608,3786,9842
761.792608,3786,9842
761.992610,3786,9842
762.192617,3787,9842
762.392614,3786,9842
762.592609,3787,9842
762.792609,3787,9842
762.992609,3787,9842
763.192608,3788,9842
763.392609,3787,9842
763.592610,3786,9842
763.792606,3787,9842
763.992609,3786,9842
764.192616,3788,9842
764.392611,3786,9842
764.592609,3786,9842
764.792606,3787,9842
764.992611,3786,9842
765.192608,3786,9842
765.392629,3786,9842
765.592620,3786,9842
765.792611,3786,9842
765.992615,3786,9842
766.192621,3787,9842
766.392612,3786,9842
766.592609,3786,9842
766.792610,3786,9842
766.992611,3786,9842
767.192609,3787,9842
767.392609,3786,9842
767.592609,3786,9842
767.792609,3786,9842
767.992607,3786,9842
768.192619,3787,9842
768.392614,3786,9842
768.592611,3788,9842
768.792609,3786,9842
768.992608,3786,9842
769.192609,3786,9842
769.392609,3786,9842
769.592609,3804,9842
769.792607,3786,9842
769.992606,3787,9842
770.192646,3798,9842
770.392623,3786,9842
770.592635,3806,9842
770.792619,3787,9842
770.992616,3787,9842
771.192612,3786,9842
771.392611,3786,9842
771.592608,3786,9842
771.792610,3786,9842
771.992611,3786,9842
772.192683,3788,9842
772.392631,3787,9842
772.592614,3793,9842
772.792612,3786,9842
772.992617,3786,9842
773.192613,3789,9842
773.392622,3786,9842
773.592611,3787,9842
773.792609,3786,9842
773.992611,3786,9842
774.192621,3786,9842
774.392617,3786,9842
774.592612,3786,9842
774.792608,3787,9842
774.992610,3786,9842
775.192607,3788,9842
775.392611,3787,9842
775.592611,3786,9842
775.792633,3787,9842
775.992632,3851,9842
776.192629,3788,9842
776.392618,3787,9842
776.592612,3786,9842
776.792610,3786,9842
776.992611,3787,9842
777.192609,3788,9842
777.392608,3787,9842
777.592609,3786,9842
777.792610,3787,9842
777.992610,3787,9842
778.192620,3789,9842
778.392612,3787,9842
778.592611,3786,9842
778.792610,3786,9842
778.992611,3786,9842
779.192608,3787,9842
779.392609,3787,9842
779.592609,3786,9842
779.792607,3787,9842
779.992610,3787,9842
780.192644,3802,9842
780.392621,3788,9842
780.592613,3787,9842
780.792609,3786,9842
780.992637,3786,9842
781.192618,3786,9842
781.392615,3787,9842
781.592613,3801,9842
781.792610,3786,9842
781.992610,3786,9842
782.192622,3788,9842
782.392614,3786,9842
782.592611,3786,9842
782.792610,3786,9842
782.992611,3786,9842
783.192609,3786,9842
783.392611,3786,9842
783.592606,3786,9842
783.792611,3786,9842
783.992610,3786,9842
784.192617,3786,9842
784.392612,3786,9842
784.592605,3786,9842
784.792610,3786,9842
784.992612,3786,9842
785.192607,3786,9842
785.392610,3786,9842
785.592607,3786,9842
785.792610,3786,9842
785.992611,3786,9842
786.192632,3786,9842
786.392622,3786,9842
786.592612,3787,9842
786.792612,3786,9842
786.992612,3786,9842
787.192610,3786,9842
787.392609,3787,9842
787.592608,3786,9842
787.792610,3786,9842
787.992611,3786,9842
788.192621,3787,9842
788.392615,3786,9842
788.592610,3786,9842
788.792610,3787,9842
788.992611,3786,9842
789.192610,3787,9842
789.392609,3786,9842
789.592609,3786,9842
789.792613,3786,9842
789.992613,3786,9842
790.192624,3788,9842
790.392618,3786,9842
790.592611,3786,9842
790.792610,3786,9842
790.992613,3786,9842
791.192613,3788,9842
791.392629,3786,9842
791.592619,3786,9842
791.792610,3786,9842
791.992614,3786,9842
792.192620,3787,9842
792.392612,3787,9842
792.592610,3786,9842
792.792612,3786,9842
792.992610,3786,9842
793.192610,3787,9842
793.392609,3786,9842
793.592609,3786,9842
793.792609,3786,9842
793.992609,3786,9842
794.192618,3787,9842
794.392612,3786,9842
794.592610,3786,9842
794.792609,3786,9842
794.992608,3787,9842
795.192606,3786,9842
795.392608,3786,9842
795.592609,3786,9842
795.792609,3786,9842
795.992607,3787,9842
796.192620,3787,9842
796.392613,3786,9842
796.592626,3786,9842
796.792619,3786,9842
796.992611,3787,9842
797.192612,3786,9842
797.392611,3786,9842
797.592609,3786,9842
797.792607,3786,9842
797.992609,3786,9842
798.192619,3787,9842
798.392614,3786,9842
798.592609,3786,9842
798.792610,3786,9842
798.992611,3786,9842
799.192609,3786,9842
799.392611,3786,9842
799.592609,3786,9842
799.792607,3787,9842
799.992609,3786,9842
800.192625,3789,9842
800.392619,3786,9842
800.592612,3786,9842
800.792611,3786,9842
800.992609,3786,9842
801.192607,3787,9842
801.392640,3786,9842
801.592624,3786,9842
801.792635,3786,9842
801.992623,3786,9842
802.192621,3788,9842
802.392616,3786,9842
802.592621,3788,9842
802.792616,3787,9842
802.992613,3786,9842
803.192611,3787,9842
803.392611,3786,9842
803.592612,3786,9842
803.792610,3786,9842
803.992612,3786,9842
804.192618,3786,9842
804.392613,3787,9842
804.592610,3786,9842
804.792610,3786,9842
804.992611,3786,9842
805.192609,3787,9842
805.392608,3786,9842
805.592610,3786,9842
805.792609,3786,9842
805.992610,3787,9842
806.192619,3787,9842
806.392628,3823,9842
806.592619,3786,9842
806.792612,3786,9842
806.992631,3786,9842
807.192617,3787,9842
807.392611,3786,9842
807.592612,3786,9842
807.792609,3786,9842
807.992612,3786,9842
808.192619,3787,9842
808.392615,3787,9842
808.592610,3786,9842
808.792611,3786,9842
808.992610,3786,9842
809.192607,3786,9842
809.392609,3786,9842
809.592609,3786,9842
809.792609,3786,9842
809.992611,3786,9842
810.192622,3791,9842
810.392618,3786,9842
810.592610,3787,9842
810.792610,3786,9842
810.992611,3787,9842
811.192609,3786,9842
811.392625,3824,9842
811.592613,3787,9842
811.792613,3786,9842
811.992612,3786,9842
812.192632,3788,9842
812.392620,3786,9842
812.592610,3786,9842
812.792612,3786,9842
812.992611,3786,9842
813.192611,3786,9842
813.392611,3786,9842
813.592608,3786,9842
813.792609,3787,9842
813.992612,3786,9842
814.192618,3786,9842
814.392613,3786,9842
814.592610,3786,9842
814.792608,3787,9842
814.992612,3786,9842
815.192608,3786,9842
815.392609,3786,9842
815.592607,3786,9842
815.792607,3786,9842
815.992612,3786,9842
816.192616,3786,9842
816.392614,3787,9842
816.592610,3786,9842
816.792608,3786,9842
816.992611,3786,9842
817.192609,3786,9842
817.392628,3786,9842
817.592617,3786,9842
817.792610,3787,9842
817.992613,3786,9842
818.192621,3787,9842
818.392616,3785,9842
818.592612,3785,9842
818.792609,3786,9842
818.992611,3786,9842
819.192610,3787,9842
819.392610,3786,9842
819.592608,3786,9842
819.792610,3786,9842
819.992609,3787,9842
820.192623,3788,9842
820.392617,3786,9842
820.592611,3786,9842
820.792609,3786,9842
820.992608,3787,9842
821.192609,3787,9842
821.392612,3786,9842
821.592608,3786,9842
821.792607,3786,9842
821.992607,3786,9842
822.192616,3787,9842
822.392611,3786,9842
822.592629,3786,9842
822.792619,3786,9842
822.992610,3786,9842
823.192611,3786,9842
823.392610,3786,9842
823.592609,3786,9842
823.792610,3786,9842
823.992610,3787,9842
824.192618,3787,9842
824.392614,3786,9842
824.592611,3786,9842
824.792610,3786,9842
824.992611,3786,9842
825.192610,3786,9842
825.392611,3786,9842
825.592610,3786,9842
825.792608,3786,9842
825.992611,3786,9842
826.192615,3788,9842
826.392613,3786,9842
826.592611,3786,9842
826.792611,3786,9842
826.992611,3785,9842
827.192607,3787,9842
827.392610,3786,9842
827.592608,3786,9842
827.792626,3786,9842
827.992621,3786,9842
828.192622,3787,9842
828.392614,3787,9842
828.592609,3786,9842
828.792615,3792,9842
828.992614,3787,9842
829.192609,3786,9842
829.392610,3786,9842
829.592610,3786,9842
829.792607,3792,9842
829.992611,3786,9842
830.192620,3787,9842
830.392617,3786,9842
830.592612,3786,9842
830.792611,3786,9842
830.992610,3786,9842
831.192610,3787,9842
831.392611,3786,9842
831.592614,3786,9842
831.792612,3786,9842
831.992612,3786,9842
832.192618,3786,9842
832.392757,3801,9818
832.592723,4288,9818
832.792751,4322,9826
832.992767,4283,9826
833.192739,4290,9818
833.392725,4267,9818
833.592743,4281,9818
833.792747,4299,9826
833.992729,4307,9826
834.192734,4281,9818
834.392744,4276,9818
834.592740,4273,9818
834.792728,4285,9826
834.992750,4302,9826
835.192759,4299,9818
835.392730,4273,9818
835.592727,4276,9818
835.792745,4285,9818
835.992743,4297,9826
836.192744,4319,9826
836.392726,4286,9818
836.592753,4320,9818
836.792746,4273,9818
836.992718,4296,9826
837.192739,4315,9826
837.392752,4293,9826
837.592728,4281,9818
837.792727,4270,9818
837.992757,4332,9818
838.192745,4314,9826
838.392729,4286,9818
838.592728,4278,9818
838.792742,4267,9818
838.992739,4273,9818
839.192727,4301,9826
839.392749,4303,9826
839.592750,4274,9818
839.792726,4272,9818
839.992730,4275,9818
840.192758,4310,9818
840.392745,4300,9826
840.592736,4296,9818
840.792743,4273,9818
840.992737,4271,9818
841.192747,4288,9818
841.392726,4299,9826
841.592739,4310,9826
841.792748,4294,9818
841.992725,4270,9818
842.192749,4284,9818
842.392754,4303,9826
842.592739,4304,9826
842.792730,4295,9818
842.992757,4278,9818
843.192744,4275,9818
843.392744,4289,9818
843.592718,4305,9826
843.792742,4301,9826
843.992745,4274,9818
844.192738,4275,9818
844.392736,4282,9818
844.592747,4310,9826
844.792742,4297,9826
844.992728,4300,9818
845.192746,4272,9818
845.392742,4277,9818
845.592737,4292,9818
845.792724,4300,9826
845.992743,4287,9818
846.192760,4271,9818
846.392724,4268,9818
846.592761,4348,9818
846.792749,4300,9826
846.992738,4294,9826
847.192730,4280,9818
847.392745,4269,9818
847.592746,4277,9818
847.792740,4300,9818
847.992729,4326,9818
848.192738,4309,9818
848.392751,4298,9818
848.592722,4296,9818
848.792742,4311,9818
848.992740,4328,9818
849.192741,4336,9818
849.392728,4295,9818
849.592739,4295,9818
849.792744,4306,9818
849.992736,4325,9818
850.192735,4345,9818
850.392751,4317,9818
850.592743,4293,9818
850.792722,4297,9818
850.992740,4318,9818
851.192753,4336,9818
851.392763,4332,9818
851.592731,4308,9818
851.792753,4293,9818
851.992745,4301,9818
852.192745,4343,9818
852.392717,4332,9818
852.592741,4300,9818
852.792747,4305,9818
852.992736,4277,9818
853.192750,4304,9818
853.392746,4302,9826
853.592730,4286,9818
853.792734,4273,9818
853.992741,4273,9818
854.192758,4300,9818
854.392732,4305,9826
854.592716,4299,9826
854.792737,4273,9818
854.992739,4270,9818
855.192724,4287,9818
855.392740,4303,9826
855.592750,4296,9826
855.792732,4288,9818
855.992722,4271,9818
856.192763,4297,9818
856.392744,4294,9818
856.592731,4307,9826
856.792730,4283,9818
856.992741,4278,9818
857.192742,4273,9818
857.392727,4283,9826
857.592739,4305,9826
857.792750,4299,9818
857.992749,4274,9818
858.192828,4292,9818
858.392749,4288,9818
858.592744,4296,9826
858.792726,4304,9826
858.992714,4288,9818
859.192743,4273,9818
859.392748,4275,9818
859.592723,4297,9826
859.792744,4310,9826
859.992752,4292,9818
860.192741,4290,9818
860.392733,4273,9818
860.592741,4290,9818
860.792740,4305,9826
860.992730,4287,9826
861.192728,4284,9818
861.392771,4277,9818
861.592743,4273,9818
861.792726,4301,9818
861.992745,4305,9826
862.192758,4282,9818
862.392720,4275,9818
862.592745,4286,9818
862.792745,4282,9818
862.992754,4301,9826
863.192732,4310,9826
863.392740,4275,9818
863.592751,4277,9818
863.792738,4281,9818
863.992725,4293,9826
864.192764,4305,9818
864.392748,4290,9818
864.592720,4271,9818
864.792751,4271,9818
864.992737,4300,9818
865.192742,4312,9826
865.392729,4294,9826
865.592747,4278,9818
865.792743,4272,9818
865.992740,4284,9818
866.192773,4319,9818
866.392747,4307,9826
866.592750,4284,9818
866.792739,4280,9818
866.992744,4276,9818
867.192744,4305,9818
867.392737,4307,9826
867.592734,4310,9826
867.792750,4280,9818
867.992762,4325,9818
868.192743,4293,9818
868.392729,4310,9818
868.592750,4302,9826
868.792744,4279,9818
868.992722,4274,9818
869.192751,4284,9818
869.392751,4292,9826
869.592732,4302,9826
869.792726,4290,9818
869.992745,4272,9818
870.192755,4282,9818
870.392729,4295,9818
870.592714,4302,9826
870.792748,4294,9826
870.992745,4282,9818
871.192727,4270,9818
871.392749,4283,9818
871.592743,4303,9826
871.792738,4304,9826
871.992729,4283,9818
872.192758,4284,9818
872.392751,4273,9818
872.592722,4293,9818
872.792723,4305,9826
872.992755,4301,9826
873.192753,4275,9818
873.392724,4272,9818
873.592743,4287,9818
873.792750,4320,9826
873.992733,4297,9826
874.192743,4295,9818
874.392750,4271,9818
874.592742,4279,9818
874.792733,4302,9818
874.992719,4312,9826
875.192744,4281,9818
875.392745,4287,9818
875.592721,4276,9818
875.792745,4301,9826
875.992755,4303,9826
876.192748,4291,9818
876.392733,4276,9818
876.592742,4274,9818
876.792747,4287,9818
876.992730,4306,9818
877.192727,4308,9826
877.392745,4277,9818
877.592743,4271,9818
877.792719,4278,9818
877.992757,4302,9826
878.192777,4302,9818
878.392740,4293,9818
878.592730,4278,9818
878.792743,4275,9818
878.992743,4296,9818
879.192730,4315,9826
879.392724,4286,9826
879.592744,4279,9818
879.792749,4275,9818
879.992725,4286,9826
880.192744,4323,9826
880.392747,4300,9826
880.592739,4275,9818
880.792726,4277,9818
880.992739,4291,9818
881.192753,4309,9826
881.392744,4300,9826
881.592749,4285,9818
881.792741,4270,9818
881.992749,4281,9818
882.192732,4312,9818
882.392735,4316,9826
882.592741,4284,9818
882.792729,4281,9818
882.992745,4274,9818
883.192745,4299,9818
883.392742,4310,9826
883.592744,4277,9826
883.792748,4278,9818
883.992736,4276,9818
884.192765,4293,9826
884.392729,4310,9818
884.592725,4295,9818
884.792739,4274,9818
884.992737,4271,9818
885.192731,4291,9818
885.392737,4301,9818
885.592739,4300,9818
885.792740,4284,9818
885.992723,4271,9818
886.192759,4281,9818
886.392746,4303,9826
886.592727,4304,9826
886.792733,4290,9818
886.992755,4278,9818
887.192741,4276,9818
887.392730,4291,9826
887.592732,4306,9818
887.792741,4301,9826
887.992749,4276,9818
888.192726,4276,9818
888.392752,4287,9818
888.592756,4306,9818
888.792724,4295,9826
888.992728,4291,9818
889.192744,4271,9818
889.392744,4276,9818
889.592730,4310,9826
889.792721,4309,9826
889.992744,4276,9818
890.192755,4291,9818
890.392723,4275,9818
890.592748,4308,9826
890.792752,4303,9826
890.992723,4283,9818
891.192737,4276,9818
891.392747,4275,9818
891.592740,4290,9826
891.792732,4306,9826
891.992730,4301,9826
892.192755,4274,9818
892.392746,4270,9818
892.592722,4285,9818
892.792750,4307,9826
892.992760,4293,9826
893.192739,4297,9818
893.392726,4272,9818
893.592748,4276,9818
893.792753,4302,9818
893.992741,4310,9826
894.192732,4284,9818
894.392756,4277,9818
894.592752,4276,9818
894.792723,4288,9818
894.992745,4304,9826
895.192750,4299,9818
895.392736,4275,9818
895.592726,4276,9818
895.792747,4293,9818
895.992752,4304,9826
896.192751,4311,9826
896.392717,4287,9818
896.592748,4271,9818
896.792748,4281,9818
896.992721,4305,9826
897.192772,4373,9826
897.392743,4286,9818
897.592740,4281,9818
897.792727,4274,9818
897.992754,4310,9818
898.192759,4311,9826
898.392749,4276,9818
898.592745,4274,9818
898.792744,4281,9818
898.992752,4298,9826
899.192720,4302,9826
899.392752,4291,9818
899.592755,4270,9818
899.792737,4270,9818
899.992730,4305,9818
900.192740,4313,9818
900.392746,4295,9826
900.592744,4276,9818
900.792728,4271,9818
900.992737,4283,9818
901.192747,4303,9826
901.392726,4305,9826
901.592731,4280,9818
901.792743,4276,9818
901.992743,4278,9818
902.192741,4303,9826
902.392732,4302,9826
902.592745,4297,9818
902.792740,4273,9818
902.992735,4277,9818
903.192749,4292,9818
903.392750,4305,9826
903.592718,4290,9826
903.792727,4285,9818
903.992738,4272,9818
904.192755,4284,9818
904.392730,4304,9826
904.592719,4305,9826
904.792745,4276,9818
904.992741,4281,9818
905.192721,4292,9818
905.392747,4305,9826
905.592749,4304,9826
905.792732,4276,9818
905.992725,4272,9818
906.192760,4285,9818
906.392751,4301,9826
906.592739,4298,9826
906.792717,4290,9818
906.992737,4271,9818
907.192748,4275,9818
907.392725,4297,9818
907.592741,4304,9826
907.792744,4282,9826
907.992752,4279,9818
908.192744,4273,9818
908.392760,4291,9826
908.592746,4303,9818
908.792743,4299,9818
908.992725,4273,9818
909.192751,4281,9818
909.392753,4290,9818
909.592727,4302,9826
909.792730,4299,9826
909.992738,4280,9818
910.192743,4273,9818
910.392733,4285,9818
910.592731,4304,9826
910.792744,4306,9826
910.992743,4284,9818
911.192724,4286,9818
911.392747,4274,9818
911.592750,4296,9826
911.792724,4305,9826
911.992726,4302,9826
912.192756,4282,9818
912.392747,4276,9818
912.592728,4287,9818
912.792736,4314,9826
912.992763,4293,9818
913.192740,4272,9818
913.392722,4272,9818
913.592748,4291,9818
913.792746,4312,9818
913.992734,4295,9826
914.192736,4286,9818
914.392737,4269,9818
914.592748,4285,9818
914.792730,4301,9818
914.992720,4303,9826
915.192742,4281,9818
915.392750,4272,9818
915.592722,4281,9818
915.792743,4294,9826
915.992739,4303,9826
916.192743,4304,9826
916.392728,4273,9818
916.592738,4273,9818
916.792745,4289,9818
916.992737,4306,9826
917.192716,4292,9826
917.392743,4283,9818
917.592752,4270,9818
917.792725,4276,9818
917.992752,4304,9818
918.192759,4310,9826
918.392747,4279,9818
918.592721,4278,9818
918.792742,4279,9818
918.992743,4292,9826
919.192748,4303,9826
919.392714,4296,9818
919.592747,4273,9818
919.792749,4275,9818
919.992719,4299,9818
920.192747,4322,9826
920.392748,4295,9818
920.592734,4273,9818
920.792725,4277,9818
920.992740,4292,9818
921.192745,4306,9826
921.392754,4849,9794
921.592754,4294,9818
921.792751,4320,9818
921.992745,4305,9826
922.192756,4283,9818
922.392724,4274,9818
922.592749,4284,9818
922.792744,4283,9826
922.992749,4302,9826
923.192728,4309,9826
923.392727,4274,9818
923.592743,4272,9818
923.792748,4288,9818
923.992723,4309,9826
924.192763,4304,9826
924.392757,4284,9818
924.592726,4270,9818
924.792731,4279,9818
924.992751,4327,9818
925.192748,4317,9826
925.392731,4290,9818
925.592730,4277,9818
925.792740,4274,9818
925.992743,4291,9818
926.192736,4318,9826
926.392743,4307,9826
926.592757,4276,9818
926.792724,4274,9818
926.992724,4281,9818
927.192741,4315,9826
927.392747,4298,9826
927.592759,4495,9810
927.792751,4275,9818
927.992752,4274,9818
928.192762,4295,9826
928.392717,4304,9818
928.592749,4299,9818
928.792750,4274,9818
928.992720,4272,9818
929.192734,4290,9818
929.392746,4301,9826
929.592744,4298,9826
929.792731,4281,9818
929.992745,4269,9818
930.193110,4284,9818
930.392749,4301,9818
930.592729,4301,9826
930.792765,4315,9810
930.992756,4276,9818
931.192723,4277,9818
931.392741,4282,9818
931.592762,4326,9818
931.792736,4327,9818
931.992731,4305,9818
932.192762,4301,9818
932.392743,4297,9818
932.592742,4319,9818
932.792720,4328,9818
932.992752,4320,9818
933.192746,4296,9818
933.392725,4296,9818
933.592748,4312,9818
933.792752,4331,9818
933.992737,4313,9818
934.192744,4313,9818
934.392742,4293,9818
934.592747,4301,9818
934.792740,4326,9818
934.992718,4339,9818
935.192745,4301,9818
935.396647,4302,9818
935.592743,4316,9818
935.792752,4324,9818
935.992749,4328,9818
936.192741,4314,9818
936.392732,4299,9818
936.592755,4273,9818
936.792750,4284,9826
936.992731,4303,9826
937.192728,4307,9826
937.392739,4283,9818
937.592744,4272,9818
937.792724,4278,9818
937.992747,4300,9826
938.192767,4301,9826
938.392738,4303,9826
938.592730,4271,9818
938.792748,4272,9818
938.992737,4291,9818
939.192741,4313,9826
939.392718,4286,9826
939.592751,4285,9818
939.792749,4270,9818
939.992721,4281,9826
940.192755,4308,9826
940.392749,4301,9818
940.592742,4281,9818
940.792747,4285,9818
940.992747,4283,9818
941.192747,4304,9826
941.392739,4302,9826
941.592727,4295,9818
941.792744,4273,9818
941.992745,4274,9818
942.192736,4305,9818
942.392746,4315,9826
942.592759,4297,9818
942.792737,4292,9818
942.992731,4274,9818
943.192750,4290,9818
943.392746,4305,9826
943.592737,4287,9826
943.792720,4282,9818
943.992743,4270,9818
944.192766,4287,9826
944.392724,4304,9826
944.592738,4304,9826
944.792753,4277,9818
944.992742,4275,9818
945.192733,4286,9818
945.392745,4292,9826
945.592755,4301,9826
945.792746,4298,9818
945.992724,4271,9818
946.192756,4277,9818
946.392746,4297,9818
946.592730,4305,9826
946.792746,4303,9826
946.992738,4277,9818
947.192741,4272,9818
947.392734,4282,9818
947.592733,4304,9818
947.792749,4304,9826
947.992745,4280,9818
948.192754,4290,9818
948.392756,4282,9818
948.592752,4296,9826
948.792724,4301,9826
948.992733,4300,9818
949.192751,4274,9818
949.392737,4275,9818
949.592727,4291,9818
949.792744,4313,9826
949.992744,4288,9818
950.192754,4300,9818
950.392731,4271,9818
950.592747,4297,9818
950.792747,4340,9818
950.992730,4295,9818
951.192734,4279,9818
951.392747,4272,9818
951.592750,4281,9818
951.792729,4302,9826
951.992738,4306,9826
952.192746,4284,9818
952.392745,4273,9818
952.592724,4277,9818
952.792741,4301,9826
952.992765,4310,9826
953.192729,4305,9818
953.392730,4273,9818
953.592741,4273,9818
953.792750,4290,9818
953.992729,4307,9826
954.192740,4303,9818
954.392750,4284,9818
954.592739,4270,9818
954.792724,4274,9818
954.992737,4301,9818
955.192753,4311,9826
955.392724,4276,9818
955.592727,4276,9818
955.792743,4279,9818
955.992741,4288,9826
956.192736,4316,9826
956.392732,4294,9818
956.592753,4295,9818
956.792740,4296,9818
956.992718,4315,9818
957.192745,4341,9818
957.392751,4321,9818
957.592725,4312,9818
957.792731,4295,9818
957.992762,4288,9818
958.192756,4312,9826
958.392735,4296,9826
958.592731,4287,9818
958.792743,4270,9818
958.992741,4276,9818
959.192724,4302,9818
959.392741,4306,9826
959.592743,4279,9826
959.792720,4275,9818
959.992728,4277,9818
960.192756,4293,9826
960.392750,4303,9818
960.592729,4302,9818
960.792742,4288,9818
960.992747,4273,9818
961.192752,4289,9818
961.392719,4305,9826
961.592755,4301,9826
961.792753,4284,9818
961.992724,4270,9818
962.192742,4280,9818
962.392745,4307,9826
962.592741,4304,9826
962.792731,4289,9818
962.992752,4291,9818
963.192743,4273,9818
963.392736,4287,9818
963.592720,4304,9826
963.792739,4307,9826
963.992744,4274,9818
964.192737,4272,9818
964.392726,4281,9818
964.592750,4313,9826
964.792745,4296,9826
964.992725,4296,9818
965.192719,4272,9818
965.392735,4286,9818
965.592741,4298,9826
965.792722,4301,9826
965.992746,4285,9818
966.192759,4277,9818
966.392732,4272,9818
966.592742,4300,9818
966.792747,4304,9826
966.992742,4290,9826
967.192738,4280,9818
967.392719,4273,9818
967.592735,4288,9818
967.792749,4304,9826
967.992722,4306,9818
968.192749,4278,9818
968.392759,4272,9818
968.592733,4290,9818
968.792722,4305,9826
968.992739,4297,9826
969.192752,4298,9818
969.392738,4273,9818
969.592719,4273,9818
969.792742,4295,9818
969.992747,4305,9826
970.192726,4290,9818
970.392747,4278,9818
970.592742,4271,9818
970.792748,4290,9818
970.992727,4301,9826
971.192751,4310,9818
971.392749,4273,9818
971.592757,4279,9818
971.792717,4292,9818
971.992755,4301,9826
972.192761,4311,9818
972.392726,4294,9818
972.592738,4270,9818
972.792745,4284,9818
972.992746,4298,9818
973.192730,4300,9826
973.392741,4293,9818
973.592739,4272,9818
973.792739,4273,9818
973.992734,4295,9818
974.192756,4312,9826
974.392743,4286,9818
974.592721,4279,9818
974.792742,4271,9818
974.992741,4281,9818
975.192741,4305,9818
975.392728,4301,9826
975.592744,4276,9818
975.792745,4275,9818
975.992746,4285,9818
976.192761,4303,9826
976.392744,4304,9826
976.592766,4293,9818
976.792720,4271,9818
976.992747,4277,9818
977.192741,4299,9818
977.392741,4305,9826
977.592727,4294,9818
977.792750,4279,9818
977.992744,4280,9818
978.192757,4286,9818
978.392732,4313,9826
978.592742,4305,9826
978.792748,4277,9818
978.992721,4274,9818
979.192737,4278,9818
979.392740,4308,9818
979.592743,4299,9826
979.792731,4299,9818
979.992728,4271,9818
980.192761,4286,9818
980.392741,4294,9826
980.592722,4301,9826
980.792761,4305,9818
980.992752,4270,9818
981.192727,4271,9818
981.392752,4305,9818
981.592756,4304,9826
981.792740,4292,9826
981.992728,4276,9818
982.192744,4274,9818
982.392740,4281,9818
982.592755,4317,9826
982.792723,4306,9826
982.992746,4280,9818
983.192756,4280,9818
983.392723,4277,9818
983.592788,4299,9826
983.792746,4302,9826
983.992744,4297,9818
984.192736,4275,9818
984.392733,4273,9818
984.592745,4292,9818
984.792748,4304,9826
984.992722,4287,9826
985.192742,4290,9818
985.392751,4268,9818
985.592731,4277,9826
985.792728,4302,9826
985.992740,4305,9826
986.192758,4283,9818
986.392730,4286,9818
986.592737,4278,9818
986.792741,4292,9826
986.992738,4302,9818
987.192722,4305,9818
987.392745,4277,9818
987.592750,4280,9818
987.792724,4291,9826
987.992727,4303,9826
988.192772,4356,9826
988.392760,4280,9818
988.592729,4271,9818
988.792722,4286,9818
988.992739,4305,9826
989.192748,4290,9826
989.392719,4283,9818
989.592745,4270,9818
989.792753,4274,9818
989.992738,4304,9826
990.192745,4312,9826
990.392743,4276,9818
990.592743,4274,9818
990.792753,4311,9818
990.992715,4295,9826
991.192749,4307,9818
991.392751,4290,9818
991.592735,4272,9818
991.792739,4273,9818
991.992747,4298,9818
992.192748,4315,9826
992.392729,4297,9826
992.592746,4282,9818
992.792747,4271,9818
992.992741,4284,9818
993.192713,4308,9818
993.392748,4305,9826
993.592743,4292,9818
993.792721,4275,9818
993.992738,4274,9818
994.192761,4305,9826
994.392740,4304,9826
994.592737,4306,9818
994.792746,4273,9818
994.992750,4277,9818
995.192747,4290,9818
995.392720,4301,9826
995.592743,4287,9818
995.792746,4271,9818
995.992719,4271,9818
996.192738,4297,9818
996.392742,4303,9826
996.592753,4294,9826
996.792731,4278,9818
996.992743,4271,9818
997.192746,4286,9818
997.392740,4303,9826
997.592736,4305,9818
997.792765,4287,9818
997.992752,4276,9818
998.192738,4276,9818
998.392755,4297,9818
998.592748,4306,9826
998.792748,4304,9818
998.992727,4275,9818
999.192746,4280,9818
999.392748,4283,9818
999.592742,4303,9826
999.792717,4297,9826
999.992747,4293,9818
1000.192757,4278,9818
1000.392719,4276,9818
1000.592738,4299,9818
1000.792759,4310,9818
1000.992736,4284,9826
1001.192732,4288,9818
1001.392752,4274,9818
1001.592751,4290,9826
1001.792744,4301,9826
1001.992712,4311,9826
1002.192761,4283,9818
1002.392745,4282,9818
1002.592705,4285,9818
1002.792649,3791,9842
1002.992623,3791,9842
1003.192613,3789,9842
1003.392614,3790,9842
1003.592611,3789,9842
1003.792609,3789,9842
1003.992611,3789,9842
1004.192622,3790,9842
1004.392627,3789,9842
1004.592612,3788,9842
1004.792612,3788,9842
1004.992610,3789,9842
1005.192611,3789,9842
1005.392611,3789,9842
1005.592609,3788,9842
1005.792607,3789,9842
1005.992609,3789,9842
1006.192618,3790,9842
1006.392616,3788,9842
1006.592631,3812,9842
1006.792617,3813,9842
1006.992612,3812,9842
1007.192611,3812,9842
1007.392611,3812,9842
1007.592608,3812,9842
1007.792608,3812,9842
1007.992609,3812,9842
1008.192619,3812,9842
1008.392617,3814,9842
1008.592611,3812,9842
1008.792609,3812,9842
1008.992611,3812,9842
1009.192609,3813,9842
1009.392610,3812,9842
1009.592607,3813,9842
1009.792608,3812,9842
1009.992609,3812,9842
1010.192617,3814,9842
1010.392611,3812,9842
1010.592610,3812,9842
1010.792623,3812,9842
1010.992623,3812,9842
1011.192613,3811,9842
1011.392612,3812,9842
1011.592609,3812,9842
1011.792627,3788,9842
1011.992620,3788,9842
1012.192625,3789,9842
1012.392616,3788,9842
1012.592613,3789,9842
1012.792610,3788,9842
1012.992612,3788,9842
1013.192609,3789,9842
1013.392614,3789,9842
1013.592609,3788,9842
1013.792611,3788,9842
1013.992611,3788,9842
1014.192620,3788,9842
1014.392613,3789,9842
1014.592610,3788,9842
1014.792610,3788,9842
1014.992609,3788,9842
1015.192610,3789,9842
1015.392609,3788,9842
1015.592608,3788,9842
1015.792608,3788,9842
1015.992609,3788,9842
1016.192616,3789,9842
1016.392611,3788,9842
1016.592610,3789,9842
1016.792610,3788,9842
1016.992629,3789,9842
1017.192617,3791,9842
1017.392611,3788,9842
1017.592611,3789,9842
1017.792607,3788,9842
1017.992609,3788,9842
1018.192616,3789,9842
1018.392615,3789,9842
1018.592627,3789,9842
1018.792617,3788,9842
1018.992614,3788,9842
1019.192609,3788,9842
1019.392610,3787,9842
1019.592611,3789,9842
1019.792607,3788,9842
1019.992610,3788,9842
1020.192618,3789,9842
1020.392613,3788,9842
1020.592605,3788,9842
1020.792606,3791,9842
1020.992615,3788,9842
1021.192610,3787,9842
1021.392609,3788,9842
1021.592608,3788,9842
1021.792610,3788,9842
1021.992615,3788,9842
1022.192636,3788,9842
1022.392620,3787,9842
1022.592613,3787,9842
1022.792616,3788,9842
1022.992612,3787,9842
1023.192610,3787,9842
1023.392611,3787,9842
1023.592622,3787,9842
1023.792617,3787,9842
1023.992612,3787,9842
1024.192620,3787,9842
1024.392612,3787,9842
1024.592610,3787,9842
1024.792610,3788,9842
1024.992610,3787,9842
1025.192609,3787,9842
1025.392609,3787,9842
1025.592609,3787,9842
1025.792609,3788,9842
1025.992609,3787,9842
1026.192616,3788,9842
1026.392611,3787,9842
1026.592609,3787,9842
1026.792608,3787,9842
1026.992612,3787,9842
1027.192610,3787,9842
1027.392627,3787,9842
1027.592616,3787,9842
1027.792609,3787,9842
1027.992612,3788,9842
1028.192619,3787,9842
1028.392614,3787,9842
1028.592614,3787,9842
1028.792610,3787,9842
1028.992611,3786,9842
1029.192609,3787,9842
1029.392608,3787,9842
1029.592609,3787,9842
1029.792609,3787,9842
1029.992610,3787,9842
1030.192616,3787,9842
1030.392610,3787,9842
1030.592608,3786,9842
1030.792606,3787,9842
1030.992612,3787,9842
1031.192610,3787,9842
1031.392634,3789,9842
1031.592649,3813,9842
1031.792624,3787,9842
1031.992614,3786,9842
1032.192624,3788,9842
1032.392615,3787,9842
1032.592632,3786,9842
1032.792619,3786,9842
1032.992615,3787,9842
1033.192610,3787,9842
1033.392610,3787,9842
1033.592627,3819,9842
1033.792617,3786,9842
1033.992611,3786,9842
1034.192623,3789,9842
1034.392614,3787,9842
1034.592609,3786,9842
1034.792608,3787,9842
1034.992610,3786,9842
1035.192608,3788,9842
1035.392609,3786,9842
1035.592609,3786,9842
1035.792608,3786,9842
1035.992610,3786,9842
1036.192618,3787,9842
1036.392614,3787,9842
1036.592609,3786,9842
1036.792608,3786,9842
1036.992611,3786,9842
1037.192611,3786,9842
1037.392610,3786,9842
1037.592608,3786,9842
1037.792625,3787,9842
1037.992619,3786,9842
1038.192621,3786,9842
1038.392617,3787,9842
1038.592602,3786,9842
1038.792612,3786,9842
1038.992612,3786,9842
1039.192608,3786,9842
1039.392608,3787,9842
1039.592608,3786,9842
1039.792609,3786,9842
1039.992609,3786,9842
1040.192615,3786,9842
1040.392612,3787,9842
1040.592610,3786,9842
1040.792607,3786,9842
1040.992610,3786,9842
1041.192608,3786,9842
1041.392639,3788,9842
1041.592626,3789,9842
1041.792616,3786,9842
1041.992613,3786,9842
1042.192622,3786,9842
1042.392615,3786,9842
1042.592619,3788,9842
1042.792612,3786,9842
1042.992629,3786,9842
1043.192620,3787,9842
1043.392612,3786,9842
1043.592613,3788,9842
1043.792614,3786,9842
1043.992611,3786,9842
1044.192620,3786,9842
1044.392615,3786,9842
1044.592610,3786,9842
1044.792609,3786,9842
1044.992611,3786,9842
1045.192607,3787,9842
1045.392609,3786,9842
1045.592608,3786,9842
1045.792607,3786,9842
1045.992608,3786,9842
1046.192618,3787,9842
1046.392612,3786,9842
1046.592608,3786,9842
1046.792609,3786,9842
1046.992610,3786,9842
1047.192608,3787,9842
1047.392608,3786,9842
1047.592608,3786,9842
1047.792609,3786,9842
1047.992609,3786,9842
1048.192631,3787,9842
1048.392621,3787,9842
1048.592611,3786,9842
1048.792632,3786,9842
1048.992619,3785,9842
1049.192612,3786,9842
1049.392610,3786,9842
1049.592609,3785,9842
1049.792608,3787,9842
1049.992610,3786,9842
1050.192617,3787,9842
1050.392615,3785,9842
1050.592608,3785,9842
1050.792609,3787,9842
1050.992611,3785,9842
1051.192608,3786,9842
1051.392608,3786,9842
1051.592633,3786,9842
1051.792622,3787,9842
1051.992615,3785,9842
1052.192623,3787,9842
1052.392616,3786,9842
1052.592611,3786,9842
1052.792611,3786,9842
1052.992613,3786,9842
1053.192609,3786,9842
1053.392632,3810,9842
1053.592618,3809,9842
1053.792614,3809,9842
1053.992613,3809,9842
1054.192622,3809,9842
1054.392614,3809,9842
1054.592598,3809,9842
1054.792610,3809,9842
1054.992610,3810,9842
1055.192611,3809,9842
1055.392608,3809,9842
1055.592608,3809,9842
1055.792609,3809,9842
1055.992608,3809,9842
1056.192619,3810,9842
1056.392612,3809,9842
1056.592609,3809,9842
1056.792610,3809,9842
1056.992610,3810,9842
1057.192610,3809,9842
1057.392609,3809,9842
1057.592608,3809,9842
1057.792608,3809,9842
1057.992610,3809,9842
1058.192617,3809,9842
1058.392607,3809,9842
1058.592628,3786,9842
1058.792632,3785,9842
1058.992619,3785,9842
1059.192612,3788,9842
1059.392610,3785,9842
1059.592608,3786,9842
1059.792610,3785,9842
1059.992616,3785,9842
1060.192622,3786,9842
1060.392614,3786,9842
1060.592609,3785,9842
1060.792608,3786,9842
1060.992611,3785,9842
1061.192609,3786,9842
1061.392609,3786,9842
1061.592614,3789,9842
1061.792612,3786,9842
1061.992611,3786,9842
1062.192622,3787,9842
1062.392615,3786,9842
1062.592609,3786,9842
1062.792609,3786,9842
1062.992609,3786,9842
1063.192610,3786,9842
1063.392611,3786,9842
1063.592609,3785,9842
1063.792626,3786,9842
1063.992620,3786,9842
1064.192622,3787,9842
1064.392616,3787,9842
1064.592613,3786,9842
1064.792609,3786,9842
1064.992609,3786,9842
1065.192607,3786,9842
1065.392612,3787,9842
1065.592609,3786,9842
1065.792608,3786,9842
1065.992609,3785,9842
1066.192617,3787,9842
1066.392613,3786,9842
1066.592611,3786,9842
1066.792608,3786,9842
1066.992611,3786,9842
1067.192611,3786,9842
1067.392609,3786,9842
1067.592608,3786,9842
1067.792607,3785,9842
1067.992610,3786,9842
1068.192614,3785,9842
1068.392612,3786,9842
1068.592612,3786,9842
1068.792608,3785,9842
1068.992627,3788,9842
1069.192618,3785,9842
1069.392612,3785,9842
1069.592610,3785,9842
1069.792609,3785,9842
1069.992612,3785,9842
1070.192618,3786,9842
1070.392614,3786,9842
1070.592610,3786,9842
1070.792608,3786,9842
1070.992610,3786,9842
1071.192607,3786,9842
1071.392608,3786,9842
1071.592615,3790,9842
1071.792613,3785,9842
1071.992611,3785,9842
1072.192618,3786,9842
1072.392613,3786,9842
1072.592610,3787,9842
1072.792608,3786,9842
1072.992614,3787,9842
1073.192609,3787,9842
1073.392609,3786,9842
1073.592608,3786,9842
1073.792609,3786,9842
1073.992610,3787,9842
1074.192637,3786,9842
1074.392619,3786,9842
1074.592613,3786,9842
1074.792611,3787,9842
1074.992611,3786,9842
1075.192608,3787,9842
1075.392609,3787,9842
1075.592609,3786,9842
1075.792609,3787,9842
1075.992611,3786,9842
1076.192615,3787,9842
1076.392613,3786,9842
1076.592609,3786,9842
1076.792610,3786,9842
1076.992609,3786,9842
1077.192607,3787,9842
1077.392609,3786,9842
1077.592607,3786,9842
1077.792608,3786,9842
1077.992609,3786,9842
1078.192614,3787,9842
1078.392610,3786,9842
1078.592611,3787,9842
1078.792610,3786,9842
1078.992632,3821,9842
1079.192618,3786,9842
1079.392626,3786,9842
1079.592617,3786,9842
1079.792612,3786,9842
1079.992609,3786,9842
1080.192619,3787,9842
1080.392614,3787,9842
1080.592610,3786,9842
1080.792608,3785,9842
1080.992609,3786,9842
1081.192609,3785,9842
1081.392610,3785,9842
1081.592613,3788,9842
1081.792614,3786,9842
1081.992612,3787,9842
1082.192619,3787,9842
1082.392612,3785,9842
1082.592611,3785,9842
1082.792608,3785,9842
1082.992611,3785,9842
1083.192608,3785,9842
1083.392607,3786,9842
1083.592609,3785,9842
1083.792609,3785,9842
1083.992631,3819,9842
1084.192625,3786,9842
1084.392615,3785,9842
1084.592625,3814,9842
1084.792614,3786,9842
1084.992615,3785,9842
1085.192612,3785,9842
1085.392611,3785,9842
1085.592608,3785,9842
1085.792609,3785,9842
1085.992610,3786,9842
1086.192621,3786,9842
1086.392614,3786,9842
1086.592608,3786,9842
1086.792609,3786,9842
1086.992611,3786,9842
1087.192608,3786,9842
1087.392610,3787,9842
1087.592610,3786,9842
1087.792609,3786,9842
1087.992611,3786,9842
1088.192618,3792,9842
1088.392612,3786,9842
1088.592612,3786,9842
1088.792610,3786,9842
1088.992599,3786,9842
1089.192611,3787,9842
1089.392611,3786,9842
1089.592608,3786,9842
1089.792627,3786,9842
1089.992618,3786,9842
1090.192622,3787,9842
1090.392616,3787,9842
1090.592611,3786,9842
1090.792609,3786,9842
1090.992611,3786,9842
1091.192608,3786,9842
1091.392611,3787,9842
1091.592617,3786,9842
1091.792614,3786,9842
1091.992612,3786,9842
1092.192620,3788,9842
1092.392616,3786,9842
1092.592610,3786,9842
1092.792610,3786,9842
1092.992609,3786,9842
1093.192609,3787,9842
1093.392610,3786,9842
1093.592609,3786,9842
1093.792607,3786,9842
1093.992610,3786,9842
1094.192632,3787,9842
1094.392618,3786,9842
1094.592614,3787,9842
1094.792612,3786,9842
1094.992627,3786,9842
1095.192617,3786,9842
1095.392612,3786,9842
1095.592611,3786,9842
1095.792611,3786,9842
1095.992610,3786,9842
1096.192618,3787,9842
1096.392614,3786,9842
1096.592611,3787,9842
1096.792610,3786,9842
1096.992611,3787,9842
1097.192615,3786,9842
1097.392611,3786,9842
1097.592610,3787,9842
1097.792609,3786,9842
1097.992608,3786,9842
1098.192619,3786,9842
1098.392612,3786,9842
1098.592613,3786,9842
1098.792609,3785,9842
1098.992609,3785,9842
1099.192615,3785,9842
1099.392610,3785,9842
1099.592609,3785,9842
1099.792609,3785,9842
1099.992609,3785,9842
1100.192630,3785,9842
1100.392619,3786,9842
1100.592612,3785,9842
1100.792611,3785,9842
1100.992610,3786,9842
1101.192608,3785,9842
1101.392650,3786,9842
1101.592631,3788,9842
1101.792618,3785,9842
1101.992615,3785,9842
1102.192622,3785,9842
1102.392613,3785,9842
1102.592617,3787,9842
1102.792614,3785,9842
1102.992612,3786,9842
1103.192610,3787,9842
1103.392608,3786,9842
1103.592609,3785,9842
1103.792611,3786,9842
1103.992612,3786,9842
1104.192625,3785,9842
1104.392615,3785,9842
1104.592611,3786,9842
1104.792609,3785,9842
1104.992612,3785,9842
1105.192610,3786,9842
1105.392630,3785,9842
1105.592617,3785,9842
1105.792611,3785,9842
1105.992611,3787,9842
1106.192624,3786,9842
1106.392614,3785,9842
1106.592612,3786,9842
1106.792609,3785,9842
1106.992610,3786,9842
1107.192609,3786,9842
1107.392609,3785,9842
1107.592609,3785,9842
1107.792608,3785,9842
1107.992608,3786,9842
1108.192616,3786,9842
1108.392610,3786,9842
1108.592612,3786,9842
1108.792611,3785,9842
1108.992610,3785,9842
1109.192634,3821,9842
1109.392618,3785,9842
1109.592610,3785,9842
1109.792608,3785,9842
1109.992610,3785,9842
1110.192623,3786,9842
1110.392613,3785,9842
1110.592626,3785,9842
1110.792617,3785,9842
1110.992613,3785,9842
1111.192611,3785,9842
1111.392611,3785,9842
1111.592617,3789,9842
1111.792614,3785,9842
1111.992611,3785,9842
1112.192623,3787,9842
1112.392614,3785,9842
1112.592611,3785,9842
1112.792610,3785,9842
1112.992611,3785,9842
1113.192608,3787,9842
1113.392609,3785,9842
1113.592608,3786,9842
1113.792608,3785,9842
1113.992609,3785,9842
1114.192607,3786,9842
1114.392615,3785,9842
1114.592610,3785,9842
1114.792609,3785,9842
1114.992609,3785,9842
1115.192608,3785,9842
1115.392607,3786,9842
1115.592610,3785,9842
1115.792627,3785,9842
1115.992619,3785,9842
1116.192621,3785,9842
1116.392617,3785,9842
1116.592611,3786,9842
1116.792609,3786,9842
1116.992609,3785,9842
1117.192609,3786,9842
1117.392612,3785,9842
1117.592609,3785,9842
1117.792608,3786,9842
1117.992610,3786,9842
1118.192618,3785,9842
1118.392613,3785,9842
1118.592614,3785,9842
1118.792610,3785,9842
1118.992610,3786,9842
1119.192610,3786,9842
1119.392609,3785,9842
1119.592611,3785,9842
1119.792610,3785,9842
1119.992610,3785,9842
1120.192616,3786,9842
1120.392612,3785,9842
1120.592610,3786,9842
1120.792608,3785,9842
1120.992627,3809,9842
1121.192616,3809,9842
1121.392610,3808,9842
1121.592619,3810,9842
1121.792614,3809,9842
1121.992612,3808,9842
1122.192620,3809,9842
1122.392613,3808,9842
1122.592613,3810,9842
1122.792610,3808,9842
1122.992609,3808,9842
1123.192610,3809,9842
1123.392609,3808,9842
1123.592610,3809,9842
1123.792608,3808,9842
1123.992609,3808,9842
1124.192616,3809,9842
1124.392614,3810,9842
1124.592611,3808,9842
1124.792608,3808,9842
1124.992611,3809,9842
1125.192609,3809,9842
1125.392608,3808,9842
1125.592607,3808,9842
1125.792609,3808,9842
1125.992610,3808,9842
1126.192630,3786,9842
1126.392620,3785,9842
1126.592611,3785,9842
1126.792611,3785,9842
1126.992615,3785,9842
1127.192609,3786,9842
1127.392609,3785,9842
1127.592608,3785,9842
1127.792608,3786,9842
1127.992611,3785,9842
1128.192616,3785,9842
1128.392612,3785,9842
1128.592610,3786,9842
1128.792610,3786,9842
1128.992610,3785,9842
1129.192611,3785,9842
1129.392629,3786,9842
1129.592616,3785,9842
1129.792611,3786,9842
1129.992610,3785,9842
1130.192618,3785,9842
1130.392613,3785,9842
1130.592609,3785,9842
1130.792608,3785,9842
1130.992612,3785,9842
1131.192608,3785,9842
1131.392627,3786,9842
1131.592636,3785,9842
1131.792621,3785,9842
1131.992613,3787,9842
1132.192624,3785,9842
1132.392617,3785,9842
1132.592611,3785,9842
1132.792610,3785,9842
1132.992611,3785,9842
1133.192611,3787,9842
1133.392609,3785,9842
1133.592609,3785,9842
1133.792611,3786,9842
1133.992609,3785,9842
1134.192620,3786,9842
1134.392618,3785,9842
1134.592613,3785,9842
1134.792608,3785,9842
1134.992609,3785,9842
1135.192610,3786,9842
1135.392611,3785,9842
1135.592609,3785,9842
1135.792608,3785,9842
1135.992608,3785,9842
1136.192619,3786,9842
1136.392612,3785,9842
1136.592627,3785,9842
1136.792620,3785,9842
1136.992614,3785,9842
1137.192611,3785,9842
1137.392609,3785,9842
1137.592608,3785,9842
1137.792609,3785,9842
1137.992609,3785,9842
1138.192619,3787,9842
1138.392613,3785,9842
1138.592611,3786,9842
1138.792610,3785,9842
1138.992610,3785,9842
1139.192610,3786,9842
1139.392619,3784,9842
1139.592617,3785,9842
1139.792609,3785,9842
1139.992611,3785,9842
1140.192621,3786,9842
1140.392615,3785,9842
1140.592608,3784,9842
1140.792608,3784,9842
1140.992610,3784,9842
1141.192609,3785,9842
1141.392611,3784,9842
1141.592630,3801,9842
1141.792635,3785,9842
1141.992623,3784,9842
1142.192624,3786,9842
1142.392616,3785,9842
1142.592613,3785,9842
1142.792609,3785,9842
1142.992609,3785,9842
1143.192610,3785,9842
1143.392610,3785,9842
1143.592609,3785,9842
1143.792609,3785,9842
1143.992610,3785,9842
1144.192618,3786,9842
1144.392613,3786,9842
1144.592613,3785,9842
1144.792610,3785,9842
1144.992611,3785,9842
1145.192610,3785,9842
1145.392610,3786,9842
1145.592608,3785,9842
1145.792608,3785,9842
1145.992610,3785,9842
1146.192617,3785,9842
1146.392612,3786,9842
1146.592609,3785,9842
1146.792609,3785,9842
1146.992630,3785,9842
1147.192615,3786,9842
1147.392612,3785,9842
1147.592611,3786,9842
1147.792610,3785,9842
1147.992610,3785,9842
1148.192616,3786,9842
1148.392611,3785,9842
1148.592615,3785,9842
1148.792610,3785,9842
1148.992612,3785,9842
1149.192610,3786,9842
1149.392610,3785,9842
1149.592610,3787,9842
1149.792610,3785,9842
1149.992611,3785,9842
1150.192616,3786,9842
1150.392610,3785,9842
1150.592610,3786,9842
1150.792609,3785,9842
1150.992610,3785,9842
1151.192609,3786,9842
1151.392609,3785,9842
1151.592612,3785,9842
1151.792612,3785,9842
1151.992611,3785,9842
1152.192636,3786,9842
1152.392620,3786,9842
1152.592612,3786,9842
1152.792613,3785,9842
1152.992612,3785,9842
1153.192609,3785,9842
1153.392609,3785,9842
1153.592609,3785,9842
1153.792607,3786,9842
1153.992610,3785,9842
1154.192618,3786,9842
1154.392612,3785,9842
1154.592611,3786,9842
1154.792613,3786,9842
1154.992611,3785,9842
1155.192609,3785,9842
1155.392609,3785,9842
1155.592609,3785,9842
1155.792608,3785,9842
1155.992609,3785,9842
1156.192614,3786,9842
1156.392611,3786,9842
1156.592608,3785,9842
1156.792608,3786,9842
1156.992611,3785,9842
1157.192607,3785,9842
1157.392625,3785,9842
1157.592617,3785,9842
1157.792610,3785,9842
1157.992612,3785,9842
1158.192619,3785,9842
1158.392612,3786,9842
1158.592610,3785,9842
1158.792610,3786,9842
1158.992610,3785,9842
1159.192608,3785,9842
1159.392609,3786,9842
1159.592609,3786,9842
1159.792608,3785,9842
1159.992609,3786,9842
1160.192617,3786,9842
1160.392612,3785,9842
1160.592611,3785,9842
1160.792609,3785,9842
1160.992609,3786,9842
1161.192607,3785,9842
1161.392639,3786,9842
1161.592612,3785,9842
1161.792615,3785,9842
1161.992613,3785,9842
1162.192623,3785,9842
1162.392613,3784,9842
1162.592633,3787,9842
1162.792620,3797,9842
1162.992615,3785,9842
1163.192613,3787,9842
1163.392611,3785,9842
1163.592609,3785,9842
1163.792610,3785,9842
1163.992611,3785,9842
1164.192621,3786,9842
1164.392613,3785,9842
1164.592615,3785,9842
1164.792618,3785,9842
1164.992614,3785,9842
1165.192612,3786,9842
1165.392612,3785,9842
1165.592608,3785,9842
1165.792608,3785,9842
1165.992608,3785,9842
1166.192620,3786,9842
1166.392612,3785,9842
1166.592609,3785,9842
1166.792608,3785,9842
1166.992609,3798,9842
1167.192608,3785,9842
1167.392609,3785,9842
1167.592610,3785,9842
1167.792628,3786,9842
1167.992620,3791,9842
1168.192623,3787,9842
1168.392616,3785,9842
1168.592613,3786,9842
1168.792612,3785,9842
1168.992612,3785,9842
1169.192609,3786,9842
1169.392613,3786,9842
1169.592609,3785,9842
1169.792624,3785,9842
1169.992617,3785,9842
1170.192622,3786,9842
1170.392614,3786,9842
1170.592609,3785,9842
1170.792610,3785,9842
1170.992610,3785,9842
1171.192609,3785,9842
1171.392611,3785,9842
1171.592608,3786,9842
1171.792613,3786,9842
1171.992614,3785,9842
1172.192623,3785,9842
1172.392614,3785,9842
1172.592613,3785,9842
1172.792633,4203,9842
1172.992640,4577,9802
1173.192627,4779,9810
1173.392623,4581,9802
1173.592619,4780,9810
1173.792623,4607,9802
1173.992619,4781,9810
1174.192628,4634,9802
1174.392623,4781,9802
1174.592619,4681,9802
1174.792623,4782,9802
1174.992621,4656,9802
1175.192619,4782,9802
1175.392618,4629,9802
1175.592620,4782,9810
1175.792619,4604,9802
1175.992617,4781,9810
1176.192632,4587,9802
1176.392622,4782,9810
1176.592617,4577,9802
1176.792619,4774,9810
1176.992617,4574,9802
1177.192618,4779,9810
1177.392620,4570,9802
1177.592618,4781,9810
1177.792618,4569,9802
1177.992636,4782,9810
1178.192638,4571,9802
1178.392625,4779,9810
1178.592624,4586,9802
1178.792619,4758,9810
1178.992619,4608,9802
1179.192621,4737,9810
1179.392617,4631,9802
1179.592616,4713,9802
1179.792622,4652,9802
1179.992617,4693,9802
1180.192631,4671,9802
1180.392620,4678,9802
1180.592620,4689,9802
1180.792618,4654,9802
1180.992620,4708,9802
1181.192620,4637,9802
1181.392618,4735,9810
1181.592621,4610,9802
1181.792624,4755,9802
1181.992621,4784,9802
1182.192630,4773,9802
1182.392623,4775,9802
1182.592619,4773,9802
1182.792620,4777,9802
1182.992639,4784,9802
1183.192627,4776,9802
1183.392626,4773,9802
1183.592618,4780,9802
1183.792619,4773,9802
1183.992619,4783,9802
1184.192630,4777,9802
1184.392621,4783,9802
1184.592619,4781,9802
1184.792619,4764,9802
1184.992621,4784,9802
1185.192622,4736,9802
1185.392619,4785,9802
1185.592621,4707,9802
1185.792620,4785,9802
1185.992618,4679,9802
1186.192629,4787,9802
1186.392622,4657,9802
1186.592623,4785,9802
1186.792621,4632,9802
1186.992621,4785,9810
1187.192622,4606,9802
1187.392619,4785,9810
1187.592618,4579,9802
1187.792616,4776,9810
1187.992634,4579,9802
1188.192636,4781,9810
1188.392622,4576,9802
1188.592624,4784,9810
1188.792619,4572,9802
1188.992618,4785,9810
1189.192622,4577,9802
1189.392621,4785,9810
1189.592619,4604,9802
1189.792616,4785,9810
1189.992619,4626,9802
1190.192631,4785,9802
1190.392623,4648,9802
1190.592623,4786,9802
1190.792617,4675,9802
1190.992617,4786,9802
1191.192623,4705,9802
1191.392622,4785,9802
1191.592628,4731,9802
1191.792629,4785,9802
1191.992622,4756,9802
1192.192629,4785,9802
1192.392623,4778,9802
1192.592619,4777,9802
1192.792617,4775,9802
1192.992637,4779,9802
1193.192633,4778,9802
1193.392623,4780,9802
1193.592619,4775,9802
1193.792615,4784,9802
1193.992623,4776,9802
1194.192630,4785,9802
1194.392620,4776,9802
1194.592620,4769,9802
1194.792619,4786,9802
1194.992621,4745,9802
1195.192623,4786,9802
1195.392623,4724,9802
1195.592621,4785,9802
1195.792620,4696,9802
1195.992617,4786,9802
1196.192630,4672,9802
1196.392623,4786,9802
1196.592620,4642,9802
1196.792620,4729,9810
1196.992620,4618,9802
1197.192621,4757,9810
1197.392620,4592,9802
1197.592619,4778,9810
1197.792619,4581,9802
1197.992636,4775,9810
1198.192632,4582,9802
1198.392623,4775,9810
1198.592623,4576,9802
1198.792620,4775,9810
1198.992621,4573,9802
1199.192620,4775,9810
1199.392619,4573,9802
1199.592621,4785,9810
1199.792618,4588,9802
1199.992640,4785,9810
1200.192638,4610,9802
1200.392624,4785,9810
1200.592618,4624,9802
1200.792620,4784,9810
1200.992618,4643,9802
1201.192622,4786,9802
1201.392620,4667,9802
1201.592877,4781,9802
1201.792623,4685,9802
1201.992622,4785,9802
1202.192631,4708,9802
1202.392622,4784,9802
1202.592618,4725,9802
1202.792618,4785,9802
1202.992637,4755,9802
1203.192628,4786,9802
1203.392622,4740,9802
1203.592620,4785,9802
1203.792621,4760,9802
1203.992619,4785,9802
1204.192629,4582,9802
1204.392622,4777,9810
1204.592616,4580,9802
1204.792620,4781,9810
1204.992637,4578,9802
1205.192626,4785,9810
1205.392620,4574,9802
1205.592618,4785,9810
1205.792619,4574,9802
1205.992624,4781,9810
1206.192632,4583,9802
1206.392623,4767,9810
1206.592620,4609,9802
1206.792619,4740,9810
1206.992617,4634,9802
1207.192622,4716,9802
1207.392620,4659,9802
1207.592616,4691,9802
1207.792623,4679,9802
1207.992635,4674,9802
1208.192636,4710,9802
1208.392623,4649,9802
1208.592623,4729,9802
1208.792625,4622,9802
1208.992622,4756,9810
1209.192624,4596,9802
1209.392623,4780,9810
1209.592618,4583,9802
1209.792617,4777,9810
1209.992621,4580,9802
1210.192629,4779,9810
1210.392621,4576,9802
1210.592618,4776,9810
1210.792620,4574,9802
1210.992619,4785,9810
1211.192622,4586,9802
1211.392637,4795,9810
1211.592628,4605,9802
1211.792633,4786,9802
1211.992626,4727,9802
1212.192632,4789,9802
1212.392625,4704,9802
1212.592620,4785,9802
1212.792618,4683,9802
1212.992639,4790,9802
1213.192626,4715,9802
1213.392620,4811,9802
1213.592619,4690,9802
1213.792617,4811,9802
1213.992618,4664,9802
1214.192634,4813,9802
1214.392622,4636,9802
1214.592618,4811,9810
1214.792616,4612,9802
1214.992617,4809,9810
1215.192621,4606,9802
1215.392621,4803,9810
1215.592617,4601,9802
1215.792618,4808,9810
1215.992618,4598,9802
1216.192645,4813,9810
1216.392623,4597,9802
1216.592620,4809,9810
1216.792619,4601,9802
1216.992619,4797,9810
1217.192619,4628,9802
1217.392622,4770,9802
1217.592618,4651,9802
1217.792620,4747,9802
1217.992637,4649,9802
1218.192632,4704,9802
1218.392624,4665,9802
1218.592621,4685,9802
1218.792620,4687,9802
1218.992621,4663,9802
1219.192619,4716,9802
1219.392619,4786,9802
1219.592619,4740,9802
1219.792619,4785,9802
1219.992620,4762,9802
1220.192634,4786,9802
1220.392622,4778,9802
1220.592621,4778,9802
1220.792622,4777,9802
1220.992619,4781,9802
1221.192621,4777,9802
1221.392647,4787,9802
1221.592653,4777,9794
1221.792639,4785,9802
1221.992628,4777,9802
1222.192633,4787,9802
1222.392623,4780,9802
1222.592633,4771,9802
1222.792624,4786,9802
1222.992627,4773,9802
1223.192630,4789,9802
1223.392622,4747,9802
1223.592624,4785,9802
1223.792624,4729,9802
1223.992624,4786,9802
1224.192633,4706,9802
1224.392626,4787,9802
1224.592625,4684,9802
1224.792622,4786,9802
1224.992621,4665,9802
1225.192627,4786,9802
1225.392623,4646,9802
1225.592621,4789,9810
1225.792619,4621,9802
1225.992621,4788,9810
1226.192633,4598,9802
1226.392624,4787,9810
1226.592620,4582,9802
1226.792632,4776,9810
1226.992625,4580,9802
1227.192619,4776,9810
1227.392622,4577,9802
1227.592621,4778,9810
1227.792620,4574,9802
1227.992620,4776,9810
1228.192629,4577,9802
1228.392624,4786,9810
1228.592627,4596,9802
1228.792623,4786,9810
1228.992622,4616,9802
1229.192620,4787,9810
1229.392618,4640,9802
1229.592615,4787,9802
1229.792621,4667,9802
1229.992619,4786,9802
1230.192650,4731,9802
1230.392627,4787,9802
1230.592620,4715,9802
1230.792622,4787,9802
1230.992623,4741,9802
1231.192623,4786,9802
1231.392618,4766,9802
1231.592619,4778,9802
1231.792641,4785,9802
1231.992627,4779,9802
1232.192634,4777,9802
1232.392622,4784,9802
1232.592622,4777,9802
1232.792621,4786,9802
1232.992631,4778,9802
1233.192628,4784,9802
1233.392621,4778,9802
1233.592620,4785,9802
1233.792618,4777,9802
1233.992623,4785,9802
1234.192630,4582,9802
1234.392622,4770,9810
1234.592622,4601,9802
1234.792620,4751,9810
1234.992619,4628,9802
1235.192640,4721,9802
1235.392625,4648,9802
1235.592620,4703,9802
1235.792622,4674,9802
1235.992625,4676,9802
1236.192630,4694,9802
1236.392622,4662,9802
1236.592621,4719,9802
1236.792637,4641,9802
1236.992628,4734,9810
1237.192625,4620,9802
1237.392623,4753,9810
1237.592618,4600,9802
1237.792620,4775,9810
1237.992623,4580,9802
1238.192630,4777,9810
1238.392625,4583,9802
1238.592621,4776,9810
1238.792621,4578,9802
1238.992621,4776,9810
1239.192623,4576,9802
1239.392620,4776,9810
1239.592620,4574,9802
1239.792618,4787,9810
1239.992617,4594,9802
1240.192628,4789,9810
1240.392626,4621,9802
1240.592620,4786,9810
1240.792619,4646,9802
1240.992619,4788,9802
1241.192623,4675,9802
1241.392621,4785,9802
1241.592623,4663,9802
1241.792639,4786,9802
1241.992628,4643,9802
1242.192632,4787,9810
1242.392627,4624,9802
1242.592619,4787,9810
1242.792623,4596,9802
1242.992629,4765,9810
1243.192625,4614,9802
1243.392623,4787,9810
1243.592623,4591,9802
1243.792617,4788,9810
1243.992619,4582,9802
1244.192627,4780,9810
1244.392622,4579,9802
1244.592620,4784,9810
1244.792618,4575,9802
1244.992620,4786,9810
1245.192619,4574,9802
1245.392622,4786,9810
1245.592622,4585,9802
1245.792618,4768,9810
1245.992618,4608,9802
1246.192633,4745,9810
1246.392623,4632,9802
1246.592620,4719,9810
1246.792635,4655,9802
1246.992624,4694,9802
1247.192624,4682,9802
1247.392626,4669,9802
1247.592620,4710,9802
1247.792619,4641,9802
1247.992617,4739,9810
1248.192631,4613,9802
1248.392620,4772,9810
1248.592615,4590,9802
1248.792624,4779,9810
1248.992619,4582,9802
1249.192618,4777,9802
1249.392619,4782,9802
1249.592619,4776,9802
1249.792620,4785,9802
1249.992619,4776,9802
1250.192630,4786,9802
1250.392627,4777,9802
1250.592621,4786,9802
1250.792621,4779,9802
1250.992620,4769,9802
1251.192622,4787,9802
1251.392618,4746,9802
1251.592617,4789,9802
1251.792651,4726,9802
1251.992629,4787,9802
1252.192630,4704,9802
1252.392627,4786,9802
1252.592621,4682,9802
1252.792620,4787,9802
1252.992626,4664,9802
1253.192629,4787,9802
1253.392622,4664,9802
1253.592621,4788,9802
1253.792621,4638,9802
1253.992625,4788,9810
1254.192634,4626,9802
1254.392623,4788,9810
1254.592621,4603,9802
1254.792623,4788,9810
1254.992623,4581,9802
1255.192619,4780,9810
1255.392622,4584,9802
1255.592624,4782,9810
1255.792621,4578,9802
1255.992621,4786,9810
1256.192632,4576,9802
1256.392621,4788,9810
1256.592619,4575,9802
1256.792631,4787,9810
1256.992626,4591,9802
1257.192625,4788,9810
1257.392622,4616,9802
1257.592621,4787,9810
1257.792619,4641,9802
1257.992620,4788,9802
1258.192630,4664,9802
1258.392625,4788,9802
1258.592618,4685,9802
1258.792618,4789,9802
1258.992620,4710,9802
1259.192621,4788,9802
1259.392619,4733,9802
1259.592621,4788,9802
1259.792618,4757,9802
1259.992620,4787,9802
1260.192631,4781,9802
1260.392643,4817,9802
1260.592626,4778,9802
1260.792622,4781,9802
1260.992622,4778,9802
1261.192620,4786,9802
1261.392621,4778,9802
1261.592623,4804,9802
1261.792641,4784,9802
1261.992627,4787,9802
1262.192632,4784,9802
1262.392625,4772,9802
1262.592620,4788,9802
1262.792619,4752,9802
1262.992633,4787,9802
1263.192627,4764,9802
1263.392624,4787,9802
1263.592619,4740,9802
1263.792618,4788,9802
1263.992619,4711,9802
1264.192632,4663,9802
1264.392624,4689,9802
1264.592622,4690,9802
1264.792619,4660,9802
1264.992618,4715,9802
1265.192621,4638,9802
1265.392620,4743,9810
1265.592626,4610,9802
1265.792624,4771,9810
1265.992618,4583,9802
1266.192630,4777,9810
1266.392626,4582,9802
1266.592626,4777,9810
1266.792635,4605,9802
1266.992627,4800,9810
1267.192625,4604,9802
1267.392621,4801,9810
1267.592619,4600,9802
1267.792620,4802,9810
1267.992618,4603,9802
1268.192629,4813,9810
1268.392623,4618,9802
1268.592684,4811,9810
1268.792621,4641,9802
1268.992621,4811,9802
1269.192618,4669,9802
1269.392620,4812,9802
1269.592617,4693,9802
1269.792618,4811,9802
1269.992620,4719,9802
1270.192629,4812,9802
1270.392624,4739,9802
1270.592623,4813,9802
1270.792623,4764,9802
1270.992619,4811,9802
1271.192622,4786,9802
1271.392625,4811,9802
1271.592622,4606,9802
1271.792632,4786,9810
1271.992628,4580,9802
1272.192632,4783,9810
1272.392627,4577,9802
1272.592621,4786,9810
1272.792620,4574,9802
1272.992629,4795,9810
1273.192626,4575,9802
1273.392619,4788,9810
1273.592620,4575,9802
1273.792620,4788,9810
1273.992619,4594,9802
1274.192632,4762,9810
1274.392622,4617,9802
1274.592620,4736,9810
1274.792621,4643,9802
1274.992620,4711,9802
1275.192622,4665,9802
1275.392620,4694,9802
1275.592621,4686,9802
1275.792621,4669,9802
1275.992620,4708,9802
1276.192628,4644,9802
1276.392623,4736,9810
1276.592622,4616,9802
1276.792633,4763,9810
1276.992624,4591,9802
1277.192623,4780,9810
1277.392623,4585,9802
1277.592623,4778,9810
1277.792621,4581,9802
1277.992626,4780,9810
1278.192633,4577,9802
1278.392622,4778,9810
1278.592620,4576,9802
1278.792626,4787,9810
1278.992623,4763,9802
1279.192623,4787,9802
1279.392619,4749,9802
1279.592622,4790,9802
1279.792621,4728,9802
1279.992619,4787,9802
1280.192629,4709,9802
1280.392621,4789,9802
1280.592623,4688,9802
1280.792622,4786,9802
1280.992622,4670,9802
1281.192622,4788,9802
1281.392649,4650,9802
1281.592629,4790,9810
1281.792640,4627,9802
1281.992628,4789,9810
1282.192632,4601,9802
1282.392625,4789,9810
1282.592634,4585,9802
1282.792622,4781,9810
1282.992629,4587,9802
1283.192628,4783,9810
1283.392629,4582,9802
1283.592621,4782,9810
1283.792621,4580,9802
1283.992622,4785,9810
1284.192636,4578,9802
1284.392625,4788,9810
1284.592620,4575,9802
1284.792620,4787,9810
1284.992617,4582,9802
1285.192618,4772,9810
1285.392623,4609,9802
1285.592618,4743,9810
1285.792623,4638,9802
1285.992623,4717,9802
1286.192631,4661,9802
1286.392623,4696,9802
1286.592622,4686,9802
1286.792633,4789,9802
1286.992626,4709,9802
1287.192623,4790,9802
1287.392623,4736,9802
1287.592622,4789,9802
1287.792625,4758,9802
1287.992624,4786,9802
1288.192634,4776,9802
1288.392623,4780,9802
1288.592618,4779,9802
1288.792623,4783,9802
1288.992622,4780,9802
1289.192622,4786,9802
1289.392620,4778,9802
1289.592619,4788,9802
1289.792620,4778,9802
1289.992619,4788,9802
1290.192632,4789,9802
1290.392622,4766,9802
1290.592622,4789,9802
1290.792643,4741,9794
1290.992626,4788,9802
1291.192624,4716,9802
1291.392622,4789,9802
1291.592623,4692,9802
1291.792644,4788,9802
1291.992628,4685,9802
1292.192634,4790,9802
1292.392626,4661,9802
1292.592622,4789,9802
1292.792621,4634,9802
1292.992632,4789,9810
1293.192626,4637,9802
1293.392622,4789,9810
1293.592620,4613,9802
1293.792619,4787,9810
1293.992620,4590,9802
1294.192633,4781,9810
1294.392622,4584,9802
1294.592620,4778,9810
1294.792620,4580,9802
1294.992620,4778,9810
1295.192621,4577,9802
1295.392624,4778,9810
1295.592620,4576,9802
1295.792638,4802,9810
1295.992623,4599,9802
1296.192628,4812,9810
1296.392627,4612,9802
1296.592623,4812,9810
1296.792635,4607,9802
1296.992626,4788,9810
1297.192622,4625,9802
1297.392623,4788,9810
1297.592622,4654,9802
1297.792622,4788,9802
1297.992621,4681,9802
1298.192630,4790,9802
1298.392622,4712,9802
1298.592623,4788,9802
1298.792625,4736,9802
1298.992623,4788,9802
1299.192621,4761,9802
1299.392618,4790,9802
1299.592621,4783,9802
1299.792621,4781,9802
1299.992620,4779,9802
1300.192634,4785,9802
1300.392624,4780,9802
1300.592624,4786,9802
1300.792619,4779,9802
1300.992618,4786,9802
1301.192619,4780,9802
1301.392621,4785,9810
1301.592619,4595,9802
1301.792629,4765,9810
1301.992629,4613,9802
1302.192631,4742,9810
1302.392627,4637,9802
1302.592624,4716,9802
1302.792622,4661,9802
1302.992630,4702,9802
1303.192627,4657,9802
1303.392624,4697,9802
1303.592623,4684,9802
1303.792622,4671,9802
1303.992621,4709,9802
1304.192632,4648,9802
1304.392624,4729,9802
1304.592620,4628,9802
1304.792623,4751,9810
1304.992621,4605,9802
1305.192624,4775,9810
1305.392620,4583,9802
1305.592618,4781,9810
1305.792620,4584,9802
1305.992621,4778,9810
1306.192632,4581,9802
1306.392624,4778,9810
1306.592620,4577,9802
1306.792635,4779,9810
1306.992623,4577,9802
1307.192622,4789,9810
1307.392620,4598,9802
1307.592620,4788,9810
1307.792621,4622,9802
1307.992616,4789,9810
1308.192628,4645,9802
1308.392624,4789,9802
1308.592624,4668,9802
1308.792626,4787,9802
1308.992620,4669,9802
1309.192620,4789,9802
1309.392620,4650,9802
1309.592615,4787,9802
1309.792620,4631,9802
1309.992620,4788,9810
1310.192629,4607,9802
1310.392621,4788,9810
1310.592620,4582,9802
1310.792621,4779,9810
1310.992623,4581,9802
1311.192622,4783,9810
1311.392621,4579,9802
1311.592617,4785,9810
1311.792634,4584,9802
1311.992627,4788,9810
1312.192633,4576,9802
1312.392619,4788,9810
1312.592622,4592,9802
1312.792620,4763,9810
1312.992631,4585,9802
1313.192627,4777,9810
1313.392623,4598,9802
1313.592621,4756,9810
1313.792621,4624,9802
1313.992627,4732,9802
1314.192631,4647,9802
1314.392624,4708,9802
1314.592622,4673,9802
1314.792623,4681,9802
1314.992620,4698,9802
1315.192620,4657,9802
1315.392622,4720,9802
1315.592620,4634,9802
1315.792620,4744,9810
1315.992619,4610,9802
1316.192631,4769,9810
1316.392625,4790,9802
1316.592621,4782,9802
1316.792636,4780,9802
1316.992627,4778,9802
1317.192623,4780,9802
1317.392621,4778,9802
1317.592620,4783,9802
1317.792619,4778,9802
1317.992620,4786,9802
1318.192633,4780,9802
1318.392622,4788,9802
1318.592620,4779,9802
1318.792623,4783,9802
1318.992618,4787,9802
1319.192621,4761,9802
1319.392622,4789,9802
1319.592619,4737,9802
1319.792617,4788,9802
1319.992618,4716,9802
1320.192627,4791,9802
1320.392622,4698,9802
1320.592624,4788,9802
1320.792619,4677,9802
1320.992640,4821,9802
1321.192627,4658,9802
1321.392623,4789,9802
1321.592621,4637,9802
1321.792642,4789,9802
1321.992627,4631,9802
1322.192630,4789,9810
1322.392621,4613,9802
1322.592621,4789,9810
1322.792618,4588,9802
1322.992629,4784,9810
1323.192624,4590,9802
1323.392621,4788,9810
1323.592620,4584,9802
1323.792619,4782,9810
1323.992619,4580,9802
1324.192631,4779,9810
1324.392622,4578,9802
1324.592621,4778,9810
1324.792621,4576,9802
1324.992618,4784,9810
1325.192620,4583,9802
1325.392625,4788,9810
1325.592622,4606,9802
1325.792620,4787,9810
1325.992619,4624,9802
1326.192634,4789,9810
1326.392621,4645,9802
1326.592623,4789,9802
1326.792629,4669,9802
1326.992624,4788,9802
1327.192623,4698,9802
1327.392620,4789,9802
1327.592622,4720,9802
1327.792621,4789,9802
1327.992618,4753,9802
1328.192629,4796,9802
1328.392623,4780,9802
1328.592621,4780,9802
1328.792622,4780,9802
1328.992621,4785,9802
1329.192622,4780,9802
1329.392620,4787,9802
1329.592620,4781,9802
1329.792622,4789,9802
1329.992620,4784,9802
1330.192632,4774,9802
1330.392625,4790,9802
1330.592621,4747,9802
1330.792619,4787,9802
1330.992619,4725,9802
1331.192623,4790,9802
1331.392620,4701,9802
1331.592620,4678,9802
1331.792629,4678,9802
1331.992628,4700,9802
1332.192631,4656,9802
1332.392620,4720,9802
1332.592622,4635,9802
1332.792619,4742,9810
1332.992629,4620,9802
1333.192623,4735,9810
1333.392619,4619,9802
1333.592620,4761,9810
1333.792624,4593,9802
1333.992621,4781,9810
1334.192630,4587,9802
1334.392626,4779,9810
1334.592619,4583,9802
1334.792621,4779,9810
1334.992623,4580,9802
1335.192620,4779,9810
1335.392619,4578,9802
1335.592618,4785,9810
1335.792619,4588,9802
1335.992621,4790,9810
1336.192630,4616,9802
1336.392622,4790,9810
1336.592620,4636,9802
1336.792629,4792,9802
1336.992624,4660,9802
1337.192621,4789,9802
1337.392623,4686,9802
1337.592618,4790,9802
1337.792620,4714,9802
1337.992624,4789,9802
1338.192631,4736,9802
1338.392624,4790,9802
1338.592620,4753,9802
1338.792624,4790,9810
1338.992622,4583,9802
1339.192622,4781,9810
1339.392619,4582,9802
1339.592617,4785,9810
1339.792620,4579,9802
1339.992624,4788,9810
1340.192626,4578,9802
1340.392624,4789,9810
1340.592623,4577,9802
1340.792620,4783,9810
1340.992622,4597,9802
1341.192621,4760,9810
1341.392647,4622,9802
1341.592630,4739,9810
1341.792632,4636,9802
1341.992628,4728,9802
1342.192634,4652,9802
1342.392623,4707,9802
1342.592628,4674,9802
1342.792623,4686,9802
1342.992644,3896,9802
1343.192616,3797,9842
1343.392615,3796,9842
1343.592610,3794,9842
1343.792608,3794,9842
1343.992611,3793,9842
1344.192627,3794,9842
1344.392619,3793,9842
1344.592611,3793,9842
1344.792610,3793,9842
1344.992612,3793,9842
1345.192611,3794,9842
1345.392610,3792,9842
1345.592610,3793,9842
1345.792609,3792,9842
1345.992611,3792,9842
1346.192616,3794,9842
1346.392615,3792,9842
1346.592612,3792,9842
1346.792636,3793,9842
1346.992622,3793,9842
1347.192613,3793,9842
1347.392613,3791,9842
1347.592610,3792,9842
1347.792609,3791,9842
1347.992611,3792,9842
1348.192617,3793,9842
1348.392614,3791,9842
1348.592609,3792,9842
1348.792612,3791,9842
1348.992612,3791,9842
1349.192608,3792,9842
1349.392609,3791,9842
1349.592611,3791,9842
1349.792609,3791,9842
1349.992608,3791,9842
1350.192615,3792,9842
1350.392611,3791,9842
1350.592610,3791,9842
1350.792609,3791,9842
1350.992609,3790,9842
1351.192609,3791,9842
1351.392626,3792,9842
1351.592617,3790,9842
1351.792614,3790,9842
1351.992638,3791,9842
1352.192628,3791,9842
1352.392615,3792,9842
1352.592613,3791,9842
1352.792611,3791,9842
1352.992612,3791,9842
1353.192611,3791,9842
1353.392608,3791,9842
1353.592610,3790,9842
1353.792610,3790,9842
1353.992609,3790,9842
1354.192617,3790,9842
1354.392613,3791,9842
1354.592611,3790,9842
1354.792609,3790,9842
1354.992610,3790,9842
1355.192610,3791,9842
1355.392610,3790,9842
1355.592609,3790,9842
1355.792610,3790,9842
1355.992610,3790,9842
1356.192620,3790,9842
1356.392632,3830,9842
1356.592617,3789,9842
1356.792613,3789,9842
1356.992613,3789,9842
1357.192628,3814,9842
1357.392619,3813,9842
1357.592613,3813,9842
1357.792617,3813,9842
1357.992613,3813,9842
1358.192622,3814,9842
1358.392615,3813,9842
1358.592609,3813,9842
1358.792615,3813,9842
1358.992613,3813,9842
1359.192611,3813,9842
1359.392609,3812,9842
1359.592608,3812,9842
1359.792608,3812,9842
1359.992609,3813,9842
1360.192620,3814,9842
1360.392612,3813,9842
1360.592609,3813,9842
1360.792608,3813,9842
1360.992610,3813,9842
1361.192608,3814,9842
1361.392610,3814,9842
1361.592611,3812,9842
1361.792614,3814,9842
1361.992617,3813,9842
1362.192622,3814,9842
1362.392634,3789,9842
1362.592618,3789,9842
1362.792611,3790,9842
1362.992615,3789,9842
1363.192609,3789,9842
1363.392608,3789,9842
1363.592610,3790,9842
1363.792606,3789,9842
1363.992612,3789,9842
1364.192618,3791,9842
1364.392614,3789,9842
1364.592609,3791,9842
1364.792609,3789,9842
1364.992610,3789,9842
1365.192609,3789,9842
1365.392608,3789,9842
1365.592609,3789,9842
1365.792608,3789,9842
1365.992609,3789,9842
1366.192616,3789,9842
1366.392611,3789,9842
1366.592610,3789,9842
1366.792609,3788,9842
1366.992609,3789,9842
1367.192609,3788,9842
1367.392609,3789,9842
1367.592630,3790,9842
1367.792616,3788,9842
1367.992612,3790,9842
1368.192618,3789,9842
1368.392612,3788,9842
1368.592610,3788,9842
1368.792613,3789,9842
1368.992610,3789,9842
1369.192609,3788,9842
1369.392612,3788,9842
1369.592610,3788,9842
1369.792609,3788,9842
1369.992609,3788,9842
1370.192614,3788,9842
1370.392612,3788,9842
1370.592609,3788,9842
1370.792608,3788,9842
1370.992610,3788,9842
1371.192609,3789,9842
1371.392611,3788,9842
1371.592608,3788,9842
1371.792631,3797,9842
1371.992624,3788,9842
1372.192621,3788,9842
1372.392614,3787,9842
1372.592610,3788,9842
1372.792630,3787,9842
1372.992620,3788,9842
1373.192627,3789,9842
1373.392614,3788,9842
1373.592611,3788,9842
1373.792609,3788,9842
1373.992602,3788,9842
1374.192620,3789,9842
1374.392614,3788,9842
1374.592610,3788,9842
1374.792608,3788,9842
1374.992611,3787,9842
1375.192608,3788,9842
1375.392611,3787,9842
1375.592610,3787,9842
1375.792610,3787,9842
1375.992610,3787,9842
1376.192617,3789,9842
1376.392614,3787,9842
1376.592628,3788,9842
1376.792618,3787,9842
1376.992613,3787,9842
1377.192610,3788,9842
1377.392610,3789,9842
1377.592611,3787,9842
1377.792609,3787,9842
1377.992630,3788,9842
1378.192628,3789,9842
1378.392614,3789,9842
1378.592611,3787,9842
1378.792613,3788,9842
1378.992615,3787,9842
1379.192610,3787,9842
1379.392610,3788,9842
1379.592610,3787,9842
1379.792609,3787,9842
1379.992610,3787,9842
1380.192619,3789,9842
1380.392613,3788,9842
1380.592609,3787,9842
1380.792610,3787,9842
1380.992611,3787,9842
1381.192608,3789,9842
1381.392610,3788,9842
1381.592625,3787,9842
1381.792619,3787,9842
1381.992617,3787,9842
1382.192619,3788,9842
1382.392614,3789,9842
1382.592610,3788,9842
1382.792611,3787,9842
1382.992613,3788,9842
1383.192628,3788,9842
1383.392621,3788,9842
1383.592612,3789,9842
1383.792613,3787,9842
1383.992613,3787,9842
1384.192619,3787,9842
1384.392614,3787,9842
1384.592607,3789,9842
1384.792611,3788,9842
1384.992612,3787,9842
1385.192609,3787,9842
1385.392609,3788,9842
1385.592608,3788,9842
1385.792608,3788,9842
1385.992612,3788,9842
1386.192620,3788,9842
1386.392614,3788,9842
1386.592613,3788,9842
1386.792611,3789,9842
1386.992610,3787,9842
1387.192609,3789,9842
1387.392608,3788,9842
1387.592609,3787,9842
1387.792609,3788,9842
1387.992610,3787,9842
1388.192617,3789,9842
1388.392629,3787,9842
1388.592616,3787,9842
1388.792617,3787,9842
1388.992616,3787,9842
1389.192611,3788,9842
1389.392611,3788,9842
1389.592609,3788,9842
1389.792607,3788,9842
1389.992611,3787,9842
1390.192620,3789,9842
1390.392613,3787,9842
1390.592610,3788,9842
1390.792609,3788,9842
1390.992612,3787,9842
1391.192608,3788,9842
1391.392633,3796,9842
1391.592631,3805,9842
1391.792616,3787,9842
1391.992618,3787,9842
1392.192624,3789,9842
1392.392616,3787,9842
1392.592612,3787,9842
1392.792610,3787,9842
1392.992608,3788,9842
1393.192610,3787,9842
1393.392611,3787,9842
1393.592633,3787,9842
1393.792620,3787,9842
1393.992610,3788,9842
1394.192618,3789,9842
1394.392616,3787,9842
1394.592613,3787,9842
1394.792610,3787,9842
1394.992612,3787,9842
1395.192611,3787,9842
1395.392608,3787,9842
1395.592610,3787,9842
1395.792608,3787,9842
1395.992610,3786,9842
1396.192616,3787,9842
1396.392612,3787,9842
1396.592612,3787,9842
1396.792610,3787,9842
1396.992611,3787,9842
1397.192611,3788,9842
1397.392608,3787,9842
1397.592609,3786,9842
1397.792608,3787,9842
1397.992610,3788,9842
1398.192612,3788,9842
1398.392612,3787,9842
1398.592608,3787,9842
1398.792627,3788,9842
1398.992621,3788,9842
1399.192613,3789,9842
1399.392611,3787,9842
1399.592609,3788,9842
1399.792609,3787,9842
1399.992610,3787,9842
1400.192615,3788,9842
1400.392614,3788,9842
1400.592611,3788,9842
1400.792610,3787,9842
1400.992611,3787,9842
1401.192609,3788,9842
1401.392641,3788,9842
1401.592623,3787,9842
1401.792629,3787,9842
1401.992619,3788,9842
1402.192625,3787,9842
1402.392615,3789,9842
1402.592624,3789,9842
1402.792613,3787,9842
1402.992613,3788,9842
1403.192609,3789,9842
1403.392608,3788,9842
1403.592613,3788,9842
1403.792609,3788,9842
1403.992633,3788,9842
1404.192630,3790,9842
1404.392623,3793,9842
1404.592616,3788,9842
1404.792612,3788,9842
1404.992612,3788,9842
1405.192610,3789,9842
1405.392607,3788,9842
1405.592609,3788,9842
1405.792610,3788,9842
1405.992610,3788,9842
1406.192616,3790,9842
1406.392613,3788,9842
1406.592610,3789,9842
1406.792614,3788,9842
1406.992613,3788,9842
1407.192609,3788,9842
1407.392608,3788,9842
1407.592610,3788,9842
1407.792610,3788,9842
1407.992611,3788,9842
1408.192616,3789,9842
1408.392613,3788,9842
1408.592607,3789,9842
1408.792616,3789,9842
1408.992611,3788,9842
1409.192628,3788,9842
1409.392617,3788,9842
1409.592611,3789,9842
1409.792612,3787,9842
1409.992612,3788,9842
1410.192620,3789,9842
1410.392615,3787,9842
1410.592611,3787,9842
1410.792610,3788,9842
1410.992611,3787,9842
1411.192610,3788,9842
1411.392609,3789,9842
1411.592607,3788,9842
1411.792625,3788,9842
1411.992626,3788,9842
1412.192622,3787,9842
1412.392616,3787,9842
1412.592613,3788,9842
1412.792610,3787,9842
1412.992613,3788,9842
1413.192608,3788,9842
1413.392610,3788,9842
1413.592610,3788,9842
1413.792609,3788,9842
1413.992610,3788,9842
1414.192617,3787,9842
1414.392632,3788,9842
1414.592619,3787,9842
1414.792612,3788,9842
1414.992612,3787,9842
1415.192610,3788,9842
1415.392612,3788,9842
1415.592609,3788,9842
1415.792609,3788,9842
1415.992612,3787,9842
1416.192618,3787,9842
1416.392611,3787,9842
1416.592610,3787,9842
1416.792611,3787,9842
1416.992611,3788,9842
1417.192608,3788,9842
1417.392610,3787,9842
1417.592609,3787,9842
1417.792609,3788,9842
1417.992607,3788,9842
1418.192615,3788,9842
1418.392610,3787,9842
1418.592608,3787,9842
1418.792612,3787,9842
1418.992610,3788,9842
1419.192608,3789,9842
1419.392610,3788,9842
1419.592627,3814,9842
1419.792619,3787,9842
1419.992612,3788,9842
1420.192620,3789,9842
1420.392615,3788,9842
1420.592610,3788,9842
1420.792610,3788,9842
1420.992608,3788,9842
1421.192610,3788,9842
1421.392610,3788,9842
1421.592607,3788,9842
1421.792612,3788,9842
1421.992620,3788,9842
1422.192624,3789,9842
1422.392615,3787,9842
1422.592611,3787,9842
1422.792609,3787,9842
1422.992611,3787,9842
1423.192610,3788,9842
1423.392610,3787,9842
1423.592610,3788,9842
1423.792608,3787,9842
1423.992610,3787,9842
1424.192615,3789,9842
1424.392613,3788,9842
1424.592610,3788,9842
1424.792629,3787,9842
1424.992620,3788,9842
1425.192610,3788,9842
1425.392611,3787,9842
1425.592610,3787,9842
1425.792608,3787,9842
1425.992611,3787,9842
1426.192615,3788,9842
1426.392615,3787,9842
1426.592609,3787,9842
1426.792611,3788,9842
1426.992622,3792,9842
1427.192614,3788,9842
1427.392609,3787,9842
1427.592610,3787,9842
1427.792608,3787,9842
1427.992611,3787,9842
1428.192619,3788,9842
1428.392611,3787,9842
1428.592608,3787,9842
1428.792613,3787,9842
1428.992613,3787,9842
1429.192610,3787,9842
1429.392609,3787,9842
1429.592610,3787,9842
1429.792608,3787,9842
1429.992631,3787,9842
1430.192622,3788,9842
1430.392618,3787,9842
1430.592613,3787,9842
1430.792610,3787,9842
1430.992610,3787,9842
1431.192608,3788,9842
1431.392607,3788,9842
1431.592610,3787,9842
1431.792610,3787,9842
1431.992620,3789,9842
1432.192623,3787,9842
1432.392621,3787,9842
1432.592613,3787,9842
1432.792611,3786,9842
1432.992613,3787,9842
1433.192609,3788,9842
1433.392613,3787,9842
1433.592610,3788,9842
1433.792609,3787,9842
1433.992611,3786,9842
1434.192620,3788,9842
1434.392614,3787,9842
1434.592608,3788,9842
1434.792609,3788,9842
1434.992611,3786,9842
1435.192628,3793,9842
1435.392618,3787,9842
1435.592610,3787,9842
1435.792611,3787,9842
1435.992611,3787,9842
1436.192618,3789,9842
1436.392614,3787,9842
1436.592608,3787,9842
1436.792609,3787,9842
1436.992611,3788,9842
1437.192609,3788,9842
1437.392610,3787,9842
1437.592609,3787,9842
1437.792608,3787,9842
1437.992611,3787,9842
1438.192616,3787,9842
1438.392611,3787,9842
1438.592610,3787,9842
1438.792614,3787,9842
1438.992613,3786,9842
1439.192608,3787,9842
1439.392609,3786,9842
1439.592607,3787,9842
1439.792609,3788,9842
1439.992611,3787,9842
1440.192618,3788,9842
1440.392631,3787,9842
1440.592621,3787,9842
1440.792611,3788,9842
1440.992614,3787,9842
1441.192612,3787,9842
1441.392611,3787,9842
1441.592609,3787,9842
1441.792607,3786,9842
1441.992631,3822,9842
1442.192631,3787,9842
1442.392618,3786,9842
1442.592611,3786,9842
1442.792609,3786,9842
1442.992613,3788,9842
1443.192609,3786,9842
1443.392609,3787,9842
1443.592610,3788,9842
1443.792610,3787,9842
1443.992607,3786,9842
1444.192617,3786,9842
1444.392612,3787,9842
1444.592611,3786,9842
1444.792608,3786,9842
1444.992608,3786,9842
1445.192610,3787,9842
1445.392609,3786,9842
1445.592629,3810,9842
1445.792620,3810,9842
1445.992612,3810,9842
1446.192619,3811,9842
1446.392616,3810,9842
1446.592611,3810,9842
1446.792611,3810,9842
1446.992611,3812,9842
1447.192610,3810,9842
1447.392610,3810,9842
1447.592609,3810,9842
1447.792607,3811,9842
1447.992610,3810,9842
1448.192621,3820,9842
1448.392614,3811,9842
1448.592609,3810,9842
1448.792600,3810,9842
1448.992611,3810,9842
1449.192610,3811,9842
1449.392611,3809,9842
1449.592610,3809,9842
1449.792609,3809,9842
1449.992610,3810,9842
1450.192613,3812,9842
1450.392611,3810,9842
1450.592611,3809,9842
1450.792629,3788,9842
1450.992621,3786,9842
1451.192612,3786,9842
1451.392610,3786,9842
1451.592610,3786,9842
1451.792610,3786,9842
1451.992617,3785,9842
1452.192622,3787,9842
1452.392617,3786,9842
1452.592610,3785,9842
1452.792611,3786,9842
1452.992612,3786,9842
1453.192609,3786,9842
1453.392609,3786,9842
1453.592610,3785,9842
1453.792608,3785,9842
1453.992611,3786,9842
1454.192617,3786,9842
1454.392612,3785,9842
1454.592611,3785,9842
1454.792608,3785,9842
1454.992610,3785,9842
1455.192608,3785,9842
1455.392607,3786,9842
1455.592609,3785,9842
1455.792608,3785,9842
1455.992630,3786,9842
1456.192626,3786,9842
1456.392614,3787,9842
1456.592612,3786,9842
1456.792612,3785,9842
1456.992612,3786,9842
1457.192609,3786,9842
1457.392607,3786,9842
1457.592609,3785,9842
1457.792608,3786,9842
1457.992610,3785,9842
1458.192617,3787,9842
1458.392612,3786,9842
1458.592610,3785,9842
1458.792603,3786,9842
1458.992613,3786,9842
1459.192610,3787,9842
1459.392609,3786,9842
1459.592607,3786,9842
1459.792609,3786,9842
1459.992609,3786,9842
1460.192615,3785,9842
1460.392611,3785,9842
1460.592607,3786,9842
1460.792609,3785,9842
1460.992610,3785,9842
1461.192627,3786,9842
1461.392654,3787,9842
1461.592624,3785,9842
1461.792613,3785,9842
1461.992617,3790,9842
1462.192636,3786,9842
1462.392620,3785,9842
1462.592621,3787,9842
1462.792614,3785,9842
1462.992613,3786,9842
1463.192608,3786,9842
1463.392615,3786,9842
1463.592610,3785,9842
1463.792609,3786,9842
1463.992612,3785,9842
1464.192625,3787,9842
1464.392616,3786,9842
1464.592613,3785,9842
1464.792609,3787,9842
1464.992613,3786,9842
1465.192609,3787,9842
1465.392610,3785,9842
1465.592608,3785,9842
1465.792608,3787,9842
1465.992612,3785,9842
1466.192620,3787,9842
1466.392635,3785,9842
1466.592620,3786,9842
1466.792611,3787,9842
1466.992613,3785,9842
1467.192612,3786,9842
1467.392612,3786,9842
1467.592609,3785,9842
1467.792609,3785,9842
1467.992610,3785,9842
1468.192620,3787,9842
1468.392613,3785,9842
1468.592609,3785,9842
1468.792605,3786,9842
1468.992612,3785,9842
1469.192610,3785,9842
1469.392612,3785,9842
1469.592614,3785,9842
1469.792611,3785,9842
1469.992609,3786,9842
1470.192617,3786,9842
1470.392614,3785,9842
1470.592610,3785,9842
1470.792610,3785,9842
1470.992608,3785,9842
1471.192610,3785,9842
1471.392608,3784,9842
1471.592628,3785,9842
1471.792621,3785,9842
1471.992618,3788,9842
1472.192638,3785,9842
1472.392623,3785,9842
1472.592613,3785,9842
1472.792609,3785,9842
1472.992609,3785,9842
1473.192612,3786,9842
1473.392610,3785,9842
1473.592611,3785,9842
1473.792610,3785,9842
1473.992611,3785,9842
1474.192618,3785,9842
1474.392612,3785,9842
1474.592610,3785,9842
1474.792609,3785,9842
1474.992607,3785,9842
1475.192608,3785,9842
1475.392610,3785,9842
1475.592608,3785,9842
1475.792610,3785,9842
1475.992610,3785,9842
1476.192612,3785,9842
1476.392613,3785,9842
1476.592609,3785,9842
1476.792629,3785,9842
1476.992621,3785,9842
1477.192613,3787,9842
1477.392614,3785,9842
1477.592612,3785,9842
1477.792609,3786,9842
1477.992611,3785,9842
1478.192617,3784,9842
1478.392614,3785,9842
1478.592609,3785,9842
1478.792623,3785,9842
1478.992613,3785,9842
1479.192608,3786,9842
1479.392609,3785,9842
1479.592608,3785,9842
1479.792608,3785,9842
1479.992612,3785,9842
1480.192617,3786,9842
1480.392613,3786,9842
1480.592610,3785,9842
1480.792609,3785,9842
1480.992609,3785,9842
1481.192608,3785,9842
1481.392608,3786,9842
1481.592610,3785,9842
1481.792608,3785,9842
1481.992629,3786,9842
1482.192628,3786,9842
1482.392617,3786,9842
1482.592613,3785,9842
1482.792612,3785,9842
1482.992613,3785,9842
1483.192610,3785,9842
1483.392607,3785,9842
1483.592609,3785,9842
1483.792606,3785,9842
1483.992611,3785,9842
1484.192617,3786,9842
1484.392613,3785,9842
1484.592610,3785,9842
1484.792610,3785,9842
1484.992609,3785,9842
1485.192610,3785,9842
1485.392609,3785,9842
1485.592609,3785,9842
1485.792609,3785,9842
1485.992610,3785,9842
1486.192615,3785,9842
1486.392611,3785,9842
1486.592608,3785,9842
1486.792610,3785,9842
1486.992610,3785,9842
1487.192626,3785,9842
1487.392620,3785,9842
1487.592612,3786,9842
1487.792610,3785,9842
1487.992610,3785,9842
1488.192619,3785,9842
1488.392613,3785,9842
1488.592609,3786,9842
1488.792611,3785,9842
1488.992615,3785,9842
1489.192611,3785,9842
1489.392609,3786,9842
1489.592606,3785,9842
1489.792608,3785,9842
1489.992612,3785,9842
1490.192618,3785,9842
1490.392613,3786,9842
1490.592610,3785,9842
1490.792610,3787,9842
1490.992612,3785,9842
1491.192609,3787,9842
1491.392609,3785,9842
1491.592608,3785,9842
1491.792607,3785,9842
1491.992632,3796,9842
1492.192632,3785,9842
1492.392638,3785,9842
1492.592620,3785,9842
1492.792612,3785,9842
1492.992610,3785,9842
1493.192609,3786,9842
1493.392613,3786,9842
1493.592611,3785,9842
1493.792608,3785,9842
1493.992609,3785,9842
1494.192621,3787,9842
1494.392617,3785,9842
1494.592612,3785,9842
1494.792611,3785,9842
1494.992612,3785,9842
1495.192609,3786,9842
1495.392610,3785,9842
1495.592608,3785,9842
1495.792608,3785,9842
1495.992608,3785,9842
1496.192620,3786,9842
1496.392612,3784,9842
1496.592610,3785,9842
1496.792608,3785,9842
1496.992607,3786,9842
1497.192608,3785,9842
1497.392624,3785,9842
1497.592631,3785,9842
1497.792617,3785,9842
1497.992612,3786,9842
1498.192621,3787,9842
1498.392616,3785,9842
1498.592610,3785,9842
1498.792609,3785,9842
1498.992611,3785,9842
1499.192612,3784,9842
1499.392611,3785,9842
1499.592609,3785,9842
1499.792608,3785,9842
1499.992611,3785,9842
1500.192618,3786,9842
1500.392612,3784,9842
1500.592610,3785,9842
1500.792610,3785,9842
1500.992610,3785,9842
1501.192610,3784,9842
1501.392611,3785,9842
1501.592608,3785,9842
1501.792609,3785,9842
1501.992615,3789,9842
1502.192621,3786,9842
1502.392614,3785,9842
1502.592622,3818,9842
1502.792633,3785,9842
1502.992621,3785,9842
1503.192616,3785,9842
1503.392613,3785,9842
1503.592610,3785,9842
1503.792608,3785,9842
1503.992611,3785,9842
1504.192615,3786,9842
1504.392616,3786,9842
1504.592610,3785,9842
1504.792610,3785,9842
1504.992609,3785,9842
1505.192609,3786,9842
1505.392609,3785,9842
1505.592610,3785,9842
1505.792608,3786,9842
1505.992612,3785,9842
1506.192614,3785,9842
1506.392611,3786,9842
1506.592612,3785,9842
1506.792616,3785,9842
1506.992612,3785,9842
1507.192609,3786,9842
1507.392611,3785,9842
1507.592612,3786,9842
1507.792609,3786,9842
1507.992629,3785,9842
1508.192627,3790,9842
1508.392614,3784,9842
1508.592613,3785,9842
1508.792610,3785,9842
1508.992612,3784,9842
1509.192611,3785,9842
1509.392608,3784,9842
1509.592610,3785,9842
1509.792608,3784,9842
1509.992610,3784,9842
1510.192618,3786,9842
1510.392613,3785,9842
1510.592609,3785,9842
1510.792609,3785,9842
1510.992610,3785,9842
1511.192608,3785,9842
1511.392609,3785,9842
1511.592608,3785,9842
1511.792608,3784,9842
1511.992614,3786,9842
1512.192622,3785,9842
1512.392613,3785,9842
1512.592611,3787,9842
1512.792612,3785,9842
1512.992611,3785,9842
1513.192745,4218,9826
1513.392752,4225,9826
1513.592759,4231,9826
1513.792741,4232,9826
1513.992741,4217,9826
1514.192763,4233,9826
1514.392750,4222,9826
1514.592748,4236,9826
1514.792731,4223,9826
1514.992754,4219,9826
1515.192765,4224,9826
1515.392753,4222,9826
1515.592739,4226,9826
1515.792748,4226,9826
1515.992754,4219,9826
1516.192778,4229,9826
1516.392736,4229,9826
1516.592755,4242,9826
1516.792757,4214,9826
1516.992748,4225,9826
1517.192743,4218,9826
1517.392733,4242,9826
1517.592757,4225,9826
1517.792757,4217,9826
1517.992734,4220,9826
1518.192761,4234,9826
1518.392769,4224,9826
1518.592753,4213,9826
1518.792757,4219,9826
1518.992734,4219,9826
1519.192762,4235,9826
1519.392756,4220,9826
1519.592727,4214,9826
1519.792741,4225,9826
1519.992763,4224,9826
1520.192766,4228,9826
1520.392758,4226,9826
1520.592757,4221,9826
1520.792755,4221,9826
1520.992759,4230,9826
1521.192746,4243,9826
1521.392760,4237,9826
1521.592754,4223,9826
1521.792755,4221,9826
1521.992768,4241,9826
1522.192724,4402,9818
1522.392754,4227,9826
1522.592762,4239,9826
1522.792732,4221,9826
1522.992745,4233,9826
1523.192753,4241,9826
1523.392766,4218,9826
1523.592734,4224,9826
1523.792724,4226,9826
1523.992753,4228,9826
1524.192777,4248,9826
1524.392734,4225,9826
1524.592743,4219,9826
1524.792757,4242,9826
1524.992750,4230,9826
1525.192748,4217,9826
1525.392727,4217,9826
1525.592759,4223,9826
1525.792761,4223,9826
1525.992733,4223,9826
1526.192759,4236,9826
1526.392756,4216,9826
1526.592753,4224,9826
1526.792745,4231,9826
1526.992737,4224,9826
1527.192753,4216,9826
1527.392758,4220,9826
1527.592741,4224,9826
1527.792756,4236,9826
1527.992755,4220,9826
1528.192768,4232,9826
1528.392768,4224,9826
1528.592736,4228,9826
1528.792758,4229,9826
1528.992763,4230,9826
1529.192744,4229,9826
1529.392739,4225,9826
1529.592764,4235,9826
1529.792757,4231,9826
1529.992751,4217,9826
1530.192744,4231,9826
1530.392760,4223,9826
1530.592758,4235,9826
1530.792741,4223,9826
1530.992739,4223,9826
1531.192756,4224,9826
1531.392755,4228,9826
1531.592752,4228,9826
1531.792736,4231,9826
1531.992762,4238,9826
1532.192777,4243,9826
1532.392751,4234,9826
1532.592738,4224,9826
1532.792766,4241,9826
1532.992754,4217,9826
1533.192759,4217,9826
1533.392740,4227,9826
1533.592756,4226,9826
1533.792756,4218,9826
1533.992748,4218,9826
1534.192754,4234,9826
1534.392743,4224,9826
1534.592749,4217,9826
1534.792751,4221,9826
1534.992726,4216,9826
1535.192761,4248,9826
1535.392755,4224,9826
1535.592750,4219,9826
1535.792740,4219,9826
1535.992728,4222,9826
1536.192771,4230,9826
1536.392765,4228,9826
1536.592730,4221,9826
1536.792743,4221,9826
1536.992752,4236,9826
1537.192749,4239,9826
1537.392752,4220,9826
1537.592732,4229,9826
1537.792757,4229,9826
1537.992759,4238,9826
1538.192743,4251,9826
1538.392755,4227,9826
1538.592759,4226,9826
1538.792759,4220,9826
1538.992753,4231,9826
1539.192766,4246,9826
1539.392759,4220,9826
1539.592761,4228,9826
1539.792732,4231,9826
1539.992739,4228,9826
1540.192760,4256,9826
1540.392762,4217,9826
1540.592752,4217,9826
1540.792761,4223,9826
1540.992752,4230,9826
1541.192765,4220,9826
1541.392738,4217,9826
1541.592736,4227,9826
1541.792759,4226,9826
1541.992749,4256,9826
1542.192769,4242,9826
1542.392737,4218,9826
1542.592756,4231,9826
1542.792757,4242,9826
1542.992748,4226,9826
1543.192738,4217,9826
1543.392768,4222,9826
1543.592760,4227,9826
1543.792757,4240,9826
1543.992734,4222,9826
1544.192761,4229,9826
1544.392765,4229,9826
1544.592751,4233,9826
1544.792742,4235,9826
1544.992760,4224,9826
1545.192747,4223,9826
1545.392751,4230,9826
1545.592730,4233,9826
1545.792746,4230,9826
1545.992756,4220,9826
1546.192763,4228,9826
1546.392742,4229,9826
1546.592733,4239,9826
1546.792749,4219,9826
1546.992759,4236,9826
1547.192734,4230,9826
1547.392743,4235,9826
1547.592749,4227,9826
1547.792765,4282,9826
1547.992739,4220,9826
1548.192741,4228,9826
1548.392757,4237,9826
1548.592763,4221,9826
1548.792737,4219,9826
1548.992755,4228,9826
1549.192757,4231,9826
1549.392756,4226,9826
1549.592755,4217,9826
1549.792736,4218,9826
1549.992755,4225,9826
1550.192770,4236,9826
1550.392731,4224,9826
1550.592738,4216,9826
1550.792759,4221,9826
1550.992751,4225,9826
1551.192753,4247,9826
1551.392736,4219,9826
1551.592753,4219,9826
1551.792757,4227,9826
1551.992740,4231,9826
1552.192751,4237,9826
1552.392763,4223,9826
1552.592759,4222,9826
1552.792743,4229,9826
1552.992732,4232,9826
1553.192758,4245,9826
1553.392767,4217,9826
1553.592749,4226,9826
1553.792744,4225,9826
1553.992765,4241,9826
1554.192780,4251,9826
1554.392755,4232,9826
1554.592725,4222,9826
1554.792757,4235,9826
1554.992759,4225,9826
1555.192751,4221,9826
1555.392747,4220,9826
1555.592733,4222,9826
1555.792750,4236,9826
1555.992753,4218,9826
1556.192749,4234,9826
1556.392747,4225,9826
1556.592758,4236,9826
1556.792756,4230,9826
1556.992748,4225,9826
1557.192727,4220,9826
1557.392760,4227,9826
1557.592759,4234,9826
1557.792739,4226,9826
1557.992742,4221,9826
1558.192763,4231,9826
1558.392761,4227,9826
1558.592756,4237,9826
1558.792723,4221,9826
1558.992761,4226,9826
1559.192766,4231,9826
1559.392742,4242,9826
1559.592738,4233,9826
1559.792764,4222,9826
1559.992748,4218,9826
1560.192769,4234,9826
1560.392727,4244,9826
1560.592752,4228,9826
1560.792751,4217,9826
1560.992755,4224,9826
1561.192738,4226,9826
1561.392726,4241,9826
1561.592757,4218,9826
1561.792759,4228,9826
1561.992732,4230,9826
1562.192753,4236,9826
1562.392764,4224,9826
1562.592758,4216,9826
1562.792758,4215,9826
1562.992773,4235,9818
1563.192758,4234,9826
1563.392770,4219,9826
1563.592740,4220,9826
1563.792742,4229,9826
1563.992757,4230,9826
1564.192762,4223,9826
1564.392752,4220,9826
1564.592733,4218,9826
1564.792757,4232,9826
1564.992761,4230,9826
1565.192746,4239,9826
1565.392741,4220,9826
1565.592741,4222,9826
1565.792749,4228,9826
1565.992760,4228,9826
1566.192742,4224,9826
1566.392746,4223,9826
1566.592754,4237,9826
1566.792749,4230,9826
1566.992746,4220,9826
1567.192728,4233,9826
1567.392759,4221,9826
1567.592757,4237,9826
1567.792737,4223,9826
1567.992758,4223,9818
1568.192764,4246,9826
1568.392762,4225,9826
1568.592756,4238,9826
1568.792735,4242,9826
1568.992759,4227,9826
1569.192752,4237,9826
1569.392746,4231,9826
1569.592736,4243,9826
1569.792753,4225,9826
1569.992762,4218,9826
1570.192760,4232,9826
1570.392732,4226,9826
1570.592757,4222,9826
1570.792751,4227,9826
1570.992750,4221,9826
1571.192737,4228,9826
1571.392750,4275,9826
1571.592755,4218,9826
1571.792764,4220,9826
1571.992713,4247,9826
1572.192750,4243,9826
1572.392757,4222,9826
1572.592758,4219,9826
1572.792752,4224,9826
1572.992755,4224,9826
1573.192756,4229,9826
1573.392768,4225,9826
1573.592741,4222,9826
1573.792736,4226,9826
1573.992757,4235,9826
1574.192769,4236,9826
1574.392755,4220,9826
1574.592727,4224,9826
1574.792756,4227,9826
1574.992760,4237,9826
1575.192752,4221,9826
1575.392740,4224,9826
1575.592740,4229,9826
1575.792754,4230,9826
1575.992758,4238,9826
1576.192740,4232,9826
1576.392769,4221,9826
1576.592752,4243,9826
1576.792747,4231,9826
1576.992736,4248,9826
1577.192736,4220,9826
1577.392759,4228,9826
1577.592753,4226,9826
1577.792737,4221,9826
1577.992741,4221,9826
1578.192769,4217,9826
1578.392760,4233,9826
1578.592749,4226,9826
1578.792730,4223,9826
1578.992753,4221,9826
1579.192760,4220,9826
1579.392744,4237,9826
1579.592741,4233,9826
1579.792749,4220,9826
1579.992752,4222,9826
1580.192764,4236,9826
1580.392731,4230,9826
1580.592751,4221,9826
1580.792754,4223,9826
1580.992755,4219,9826
1581.192746,4251,9826
1581.392747,4249,9826
1581.592754,4224,9826
1581.792754,4221,9826
1581.992726,4224,9826
1582.192752,4238,9826
1582.392754,4230,9826
1582.592768,4241,9826
1582.792742,4226,9826
1582.992738,4237,9826
1583.192759,4252,9826
1583.392768,4221,9826
1583.592746,4229,9826
1583.792735,4219,9826
1583.992755,4251,9826
1584.192748,4235,9826
1584.392759,4253,9826
1584.592732,4220,9826
1584.792755,4233,9826
1584.992760,4227,9826
1585.192749,4214,9826
1585.392742,4229,9826
1585.592748,4217,9826
1585.792756,4233,9826
1585.992753,4221,9826
1586.192745,4232,9826
1586.392753,4230,9826
1586.592753,4220,9826
1586.792749,4226,9826
1586.992749,4227,9826
1587.192730,4219,9826
1587.392752,4225,9826
1587.592757,4232,9826
1587.792741,4231,9826
1587.992740,4218,9826
1588.192767,4236,9826
1588.392765,4246,9826
1588.592753,4259,9826
1588.792730,4247,9826
1588.992762,4244,9826
1589.192759,4249,9826
1589.392750,4251,9826
1589.592740,4254,9826
1589.792741,4247,9826
1589.992757,4246,9826
1590.192765,4258,9826
1590.392739,4255,9826
1590.592764,4258,9826
1590.792752,4244,9826
1590.992757,4248,9826
1591.192755,4250,9826
1591.392724,4275,9826
1591.592755,4249,9826
1591.792760,4259,9826
1591.992709,4251,9826
1592.192746,4256,9826
1592.392759,4249,9826
1592.592751,4252,9826
1592.792751,4240,9826
1592.992730,4249,9826
1593.192778,4258,9818
1593.392769,4219,9826
1593.592747,4218,9826
1593.792746,4227,9826
1593.992772,4228,9826
1594.192763,4221,9826
1594.392758,4221,9826
1594.592730,4213,9826
1594.792759,4243,9826
1594.992756,4227,9826
1595.192751,4236,9826
1595.392739,4218,9826
1595.592731,4220,9826
1595.792759,4229,9826
1595.992757,4234,9826
1596.192744,4225,9826
1596.392741,4226,9826
1596.592758,4235,9826
1596.792753,4231,9826
1596.992748,4220,9826
1597.192742,4234,9826
1597.392755,4221,9826
1597.592761,4238,9826
1597.792741,4225,9826
1597.992740,4225,9826
1598.192767,4233,9826
1598.392760,4242,9826
1598.592760,4229,9826
1598.792732,4239,9826
1598.992767,4229,9826
1599.192761,4248,9826
1599.392757,4237,9826
1599.592738,4225,9826
1599.792728,4218,9826
1599.992757,4221,9826
1600.192765,4236,9826
1600.392737,4230,9826
1600.592739,4223,9826
1600.792758,4217,9826
1600.992758,4235,9826
1601.192752,4238,9826
1601.392734,4229,9826
1601.592756,4217,9826
1601.792757,4222,9826
1601.993079,4238,9826
1602.192743,4257,9826
1602.392753,4222,9826
1602.592749,4219,9826
1602.792758,4227,9826
1602.992723,4230,9826
1603.192752,4223,9826
1603.392767,4227,9826
1603.592754,4220,9826
1603.792739,4232,9826
1603.992726,4232,9826
1604.192769,4227,9826
1604.392764,4218,9826
1604.592732,4220,9826
1604.792738,4231,9826
1604.992761,4236,9826
1605.192758,4222,9826
1605.392749,4224,9826
1605.592731,4231,9826
1605.792752,4241,9826
1605.992760,4222,9826
1606.192757,4243,9826
1606.392744,4218,9826
1606.592753,4253,9826
1606.792757,4227,9826
1606.992754,4220,9826
1607.192727,4229,9826
1607.392751,4234,9826
1607.592756,4227,9826
1607.792758,4220,9826
1607.992744,4222,9826
1608.192754,4226,9826
1608.392765,4236,9826
1608.592761,4226,9826
1608.792733,4221,9826
1608.992769,4233,9826
1609.192761,4225,9826
1609.392752,4225,9826
1609.592744,4241,9826
1609.792726,4220,9826
1609.992756,4220,9826
1610.192765,4238,9826
1610.392737,4239,9826
1610.592739,4217,9826
1610.792756,4221,9826
1610.992757,4219,9826
1611.192751,4245,9826
1611.392738,4230,9826
1611.592757,4221,9826
1611.792760,4219,9826
1611.992749,4225,9826
1612.192759,4248,9826
1612.392756,4231,9826
1612.592758,4221,9826
1612.792751,4225,9826
1612.992730,4234,9826
1613.192750,4245,9826
1613.392774,4222,9826
1613.592755,4241,9826
1613.792742,4220,9826
1613.992742,4252,9826
1614.192843,4232,9826
1614.392764,4222,9826
1614.592730,4226,9826
1614.792744,4234,9826
1614.992754,4229,9826
1615.192754,4218,9826
1615.392750,4221,9826
1615.592759,4222,9826
1615.792756,4234,9826
1615.992756,4221,9826
1616.192750,4231,9826
1616.392743,4225,9826
1616.592755,4231,9826
1616.792760,4226,9826
1616.992748,4223,9826
1617.192732,4227,9826
1617.392756,4225,9826
1617.592760,4240,9826
1617.792750,4232,9826
1617.992743,4215,9826
1618.192755,4228,9826
1618.392759,4224,9826
1618.592759,4232,9826
1618.792726,4220,9826
1618.992765,4220,9826
1619.192764,4227,9826
1619.392755,4227,9826
1619.592744,4229,9826
1619.792732,4224,9826
1619.992760,4221,9826
1620.192769,4238,9826
1620.392738,4231,9826
1620.592735,4231,9826
1620.792756,4217,9826
1620.992755,4225,9826
1621.192760,4228,9826
1621.392726,4254,9826
1621.592749,4222,9826
1621.792762,4222,9826
1621.992743,4231,9826
1622.192760,4231,9826
1622.392769,4223,9826
1622.592749,4220,9826
1622.792751,4219,9826
1622.992732,4229,9826
1623.192747,4237,9826
1623.392763,4220,9826
1623.592769,4249,9826
1623.792738,4242,9826
1623.992734,4231,9826
1624.192768,4222,9826
1624.392764,4222,9826
1624.592729,4216,9826
1624.792741,4235,9826
1624.992750,4225,9826
1625.192756,4234,9826
1625.392759,4218,9826
1625.592738,4218,9826
1625.792753,4227,9826
1625.992757,4229,9826
1626.192754,4222,9826
1626.392745,4224,9826
1626.592759,4233,9826
1626.792755,4228,9826
1626.992751,4229,9826
1627.192731,4236,9826
1627.392750,4222,9826
1627.592752,4240,9826
1627.792759,4219,9826
1627.992749,4226,9826
1628.192737,4247,9826
1628.392769,4255,9826
1628.592758,4232,9826
1628.792736,4253,9826
1628.992743,4222,9826
1629.192760,4225,9826
1629.392755,4238,9826
1629.592754,4222,9826
1629.792738,4219,9826
1629.992748,4228,9826
1630.192770,4239,9826
1630.392750,4230,9826
1630.592740,4221,9826
1630.792755,4221,9826
1630.992749,4228,9826
1631.192760,4236,9826
1631.392727,4234,9826
1631.592756,4219,9826
1631.792755,4220,9826
1631.992755,4225,9826
1632.192765,4273,9826
1632.392742,4220,9826
1632.592752,4223,9826
1632.792758,4226,9826
1632.992735,4229,9826
1633.192740,4238,9826
1633.392767,4221,9826
1633.592757,4219,9826
1633.792758,4242,9826
1633.992767,4232,9826
1634.192765,4230,9826
1634.392761,4219,9826
1634.592728,4220,9826
1634.792744,4226,9826
1634.992754,4237,9826
1635.192758,4219,9826
1635.392757,4224,9826
1635.592734,4229,9826
1635.792752,4241,9826
1635.992755,4222,9826
1636.192759,4246,9826
1636.392742,4220,9826
1636.592754,4228,9826
1636.792753,4234,9826
1636.992750,4222,9826
1637.192733,4221,9826
1637.392753,4234,9826
1637.592762,4227,9826
1637.792754,4222,9826
1637.992741,4223,9826
1638.192740,4219,9826
1638.392761,4244,9826
1638.592755,4230,9826
1638.792728,4229,9826
1638.992744,4225,9826
1639.192762,4225,9826
1639.392752,4248,9826
1639.592751,4234,9826
1639.792754,4222,9826
1639.992756,4223,9826
1640.192766,4234,9826
1640.392740,4239,9826
1640.592742,4218,9826
1640.792755,4221,9826
1640.992750,4217,9826
1641.192756,4244,9826
1641.392756,4251,9826
1641.592758,4235,9826
1641.792758,4218,9826
1641.992747,4218,9826
1642.192756,4247,9826
1642.392758,4236,9826
1642.592766,4241,9826
1642.792755,4224,9826
1642.992732,4234,9826
1643.192753,4245,9826
1643.392766,4231,9826
1643.592757,4238,9826
1643.792737,4220,9826
1643.992722,4226,9826
1644.192765,4236,9826
1644.392766,4219,9826
1644.592741,4219,9826
1644.792744,4235,9826
1644.992758,4230,9826
1645.192758,4218,9826
1645.392749,4224,9826
1645.592740,4221,9826
1645.792753,4233,9826
1645.992757,4225,9826
1646.192759,4231,9826
1646.392743,4223,9826
1646.592753,4224,9826
1646.792760,4229,9826
1646.992749,4224,9826
1647.192731,4222,9826
1647.392758,4223,9826
1647.592762,4234,9826
1647.792746,4242,9826
1647.992739,4217,9826
1648.192753,4228,9826
1648.392761,4222,9826
1648.592756,4236,9826
1648.792730,4236,9826
1648.992765,4219,9826
1649.192751,4230,9826
1649.392754,4235,9826
1649.592734,4242,9826
1649.792725,4226,9826
1649.992762,4217,9826
1650.192771,4234,9826
1650.392733,4232,9826
1650.592742,4234,9826
1650.792755,4216,9826
1650.992757,4231,9826
1651.192758,4223,9826
1651.392732,4225,9826
1651.592759,4220,9826
1651.792755,4220,9826
1651.992750,4227,9826
1652.192753,4239,9826
1652.392761,4235,9826
1652.592754,4219,9826
1652.792755,4223,9826
1652.992735,4229,9826
1653.192757,4240,9826
1653.392761,4222,9826
1653.592748,4223,9826
1653.792741,4227,9826
1653.992738,4293,9826
1654.192766,4229,9826
1654.392760,4223,9826
1654.592730,4221,9826
1654.792738,4234,9826
1654.992751,4238,9826
1655.192764,4240,9826
1655.392751,4221,9826
1655.592763,4220,9826
1655.792765,4230,9826
1655.992761,4235,9826
1656.192750,4229,9826
1656.392744,4224,9826
1656.592755,4230,9826
1656.792756,4229,9826
1656.992751,4223,9826
1657.192729,4241,9826
1657.392752,4216,9826
1657.592757,4244,9826
1657.792752,4225,9826
1657.992741,4230,9826
1658.192750,4239,9826
1658.392763,4247,9826
1658.592756,4225,9826
1658.792732,4222,9826
1658.992770,4291,9826
1659.192756,4219,9826
1659.392745,4243,9826
1659.592748,4225,9826
1659.792728,4219,9826
1659.992755,4224,9826
1660.192776,4234,9826
1660.392732,4228,9826
1660.592739,4229,9826
1660.792752,4222,9826
1660.992754,4222,9826
1661.192756,4232,9826
1661.392730,4237,9826
1661.592756,4218,9826
1661.792761,4223,9826
1661.992755,4225,9826
1662.192756,4277,9826
1662.392747,4225,9826
1662.592753,4219,9826
1662.792756,4226,9826
1662.992731,4227,9826
1663.192748,4233,9826
1663.392764,4230,9826
1663.592758,4220,9826
1663.792750,4230,9826
1663.992762,4246,9826
1664.192762,4231,9826
1664.392759,4228,9826
1664.592742,4224,9826
1664.792740,4224,9826
1664.992755,4238,9826
1665.192757,4221,9826
1665.392756,4226,9826
1665.592729,4228,9826
1665.792761,4239,9826
1665.992756,4223,9826
1666.192758,4223,9826
1666.392743,4219,9826
1666.592748,4224,9826
1666.792755,4231,9826
1666.992757,4221,9826
1667.192736,4222,9826
1667.392739,4231,9826
1667.592752,4233,9826
1667.792759,4220,9826
1667.992754,4223,9826
1668.192755,4217,9826
1668.392765,4234,9826
1668.592761,4230,9826
1668.792729,4225,9826
1668.992727,4226,9826
1669.192761,4227,9826
1669.392753,4237,9826
1669.592747,4244,9826
1669.792723,4223,9826
1669.992751,4225,9826
1670.192767,4240,9826
1670.392749,4243,9826
1670.592748,4221,9826
1670.792747,4223,9826
1670.992757,4219,9826
1671.192757,4246,9826
1671.392735,4231,9826
1671.592749,4222,9826
1671.792756,4219,9826
1671.992757,4224,9826
1672.192763,4264,9826
1672.392730,4231,9826
1672.592751,4221,9826
1672.792756,4234,9826
1672.992733,4232,9826
1673.192740,4250,9826
1673.392754,4214,9818
1673.592760,4232,9826
1673.792749,4233,9826
1673.992739,4228,9826
1674.192766,4231,9826
1674.392771,4220,9826
1674.592744,4222,9826
1674.792741,4252,9826
1674.992756,4228,9826
1675.192753,4213,9826
1675.392755,4221,9826
1675.592731,4223,9826
1675.792747,4236,9826
1675.992763,4220,9826
1676.192764,4227,9826
1676.392740,4226,9826
1676.592731,4226,9826
1676.792752,4228,9826
1676.992760,4221,9826
1677.192732,4220,9826
1677.392735,4227,9826
1677.592760,4231,9826
1677.792754,4226,9826
1677.992755,4223,9826
1678.192742,4230,9826
1678.392765,4229,9826
1678.592749,4235,9826
1678.792743,4220,9826
1678.992702,4224,9826
1679.192765,4233,9826
1679.392751,4235,9826
1679.592755,4236,9826
1679.792729,4224,9826
1679.992747,4227,9826
1680.192767,4245,9826
1680.392747,4228,9826
1680.592743,4235,9826
1680.792723,4219,9826
1680.992754,4227,9826
1681.192760,4224,9826
1681.392733,4218,9826
1681.592742,4219,9826
1681.792761,4214,9826
1681.992752,4230,9826
1682.192769,4239,9826
1682.392759,4219,9826
1682.592759,4217,9826
1682.792761,4216,9826
1682.992743,4225,9826
1683.192741,4238,9826
